sid,uid,episode,json字数,pdf字数,比率,連問,json先頭80字
endo,endo_ch02_q42,115B-48,215,944,22%,Y,連問 2/2次の文を読み、41 と42 の問いに答えよ。 37 歳の女性。全身倦怠感と頭痛を主訴に来院した。現病歴：半年前から倦怠感を自覚していた。3 か月前か
endo,endo_ch02_q50,112F-75,331,563,58%,Y,連問 1/349 歳の女性。意識障害のため救急車で搬入された。現病歴：2 か月前から夕方の買い物中にボーッとなって近くの医療機関を受診し点滴を受けて帰宅すること
endo,endo_ch02_q51,112F-76,348,933,37%,Y,連問 2/349 歳の女性。意識障害のため救急車で搬入された。現病歴：2 か月前から夕方の買い物中にボーッとなって近くの医療機関を受診し点滴を受けて帰宅すること
endo,endo_ch02_q52,112F-77,338,551,61%,Y,連問 3/349 歳の女性。意識障害のため救急車で搬入された。現病歴：2 か月前から夕方の買い物中にボーッとなって近くの医療機関を受診し点滴を受けて帰宅すること
endo,endo_ch02_q55,109B-56,320,955,33%,Y,連問 1/367 歳の男性。人間ドックで異常を指摘され来院した。現病歴：5 年前に退職してから健康診断を受けていなかった。妻に勧められて初めて受診した人間ドック
endo,endo_ch02_q56,109B-57,321,945,33%,Y,連問 2/367 歳の男性。人間ドックで異常を指摘され来院した。現病歴：5 年前に退職してから健康診断を受けていなかった。妻に勧められて初めて受診した人間ドック
endo,endo_ch02_q57,109B-58,333,959,34%,Y,連問 3/367 歳の男性。人間ドックで異常を指摘され来院した。現病歴：5 年前に退職してから健康診断を受けていなかった。妻に勧められて初めて受診した人間ドック
endo,endo_ch03_q100,116C-60,307,901,34%,Y,連問 1/382 歳の女性。歩行困難のため救急車で搬入された。現病歴：1 か月前から倦怠感を訴えていた。前日の朝から食欲不振が出現し、午後になって2 回嘔吐した
endo,endo_ch03_q101,116C-61,335,919,36%,Y,連問 2/382 歳の女性。歩行困難のため救急車で搬入された。現病歴：1 か月前から倦怠感を訴えていた。前日の朝から食欲不振が出現し、午後になって2 回嘔吐した
endo,endo_ch03_q102,116C-62,321,903,35%,Y,連問 3/382 歳の女性。歩行困難のため救急車で搬入された。現病歴：1 か月前から倦怠感を訴えていた。前日の朝から食欲不振が出現し、午後になって2 回嘔吐した
endo,endo_ch04_q120,119F-60,319,850,37%,Y,連問 1/376 歳の男性。強いふらつきを主訴に救急車で搬入された。現病歴：3 か月前から倦怠感やふらつきが目立ち、寒がるようになった。動作緩慢、便秘および経口
endo,endo_ch04_q121,119F-61,330,855,38%,Y,連問 2/376 歳の男性。強いふらつきを主訴に救急車で搬入された。現病歴：3 か月前から倦怠感やふらつきが目立ち、寒がるようになった。動作緩慢、便秘および経口
endo,endo_ch04_q122,119F-62,332,853,38%,Y,連問 3/376 歳の男性。強いふらつきを主訴に救急車で搬入された。現病歴：3 か月前から倦怠感やふらつきが目立ち、寒がるようになった。動作緩慢、便秘および経口
endo,endo_ch04_q125,117C-63,325,862,37%,Y,連問 1/350 歳の女性。発熱と強い動悸のため救急車で搬入された。現病歴：6 日前から咽頭痛と軽度の咳嗽が出現し、自宅近くの診療所で総合感冒薬の処方を受けた。
endo,endo_ch04_q126,117C-64,318,847,37%,Y,連問 2/350 歳の女性。発熱と強い動悸のため救急車で搬入された。現病歴：6 日前から咽頭痛と軽度の咳嗽が出現し、自宅近くの診療所で総合感冒薬の処方を受けた。
endo,endo_ch04_q127,117C-65,322,852,37%,Y,連問 3/350 歳の女性。発熱と強い動悸のため救急車で搬入された。現病歴：6 日前から咽頭痛と軽度の咳嗽が出現し、自宅近くの診療所で総合感冒薬の処方を受けた。
endo,endo_ch04_q154,113B-41,338,629,53%,Y,連問 2/2次の文を読み、153 と154 の問いに答えよ。40 歳の女性。動悸を主訴に来院した。現病歴：2 か月前から動悸を自覚している。当初は、買い物などで
endo,endo_ch04_q165,108B-53,332,898,36%,Y,連問 1/374 歳の女性。意欲低下と全身倦怠感とを主訴に来院した。現病歴：3 年前に夫を亡くし、そのころから意欲低下を自覚するようになったが誰にも相談しなかっ
endo,endo_ch04_q166,108B-54,325,884,36%,Y,連問 2/374 歳の女性。意欲低下と全身倦怠感とを主訴に来院した。現病歴：3 年前に夫を亡くし、そのころから意欲低下を自覚するようになったが誰にも相談しなかっ
endo,endo_ch04_q167,108B-55,333,898,37%,Y,連問 3/374 歳の女性。意欲低下と全身倦怠感とを主訴に来院した。現病歴：3 年前に夫を亡くし、そのころから意欲低下を自覚するようになったが誰にも相談しなかっ
endo,endo_ch06_q238,116B-46,347,549,63%,Y,連問 1/2次の文を読み、238 と239 の問いに答えよ。20 歳の男性。動悸と頭痛を主訴に来院した。現病歴：17 歳の時から時々動悸と頭痛を自覚していた。本
endo,endo_ch06_q239,116B-47,336,800,42%,Y,連問 2/2次の文を読み、238 と239 の問いに答えよ。20 歳の男性。動悸と頭痛を主訴に来院した。現病歴：17 歳の時から時々動悸と頭痛を自覚していた。本
endo,endo_ch08_q338,118C-72,318,911,34%,Y,連問 1/378 歳の男性。意識混濁のため救急車で搬入された。現病歴：8 年前の健康診断で高血糖を指摘されたが、そのままにしていた。半年前から体重が10kg 以
endo,endo_ch08_q339,118C-73,351,964,36%,Y,連問 2/378 歳の男性。意識混濁のため救急車で搬入された。現病歴：8 年前の健康診断で高血糖を指摘されたが、そのままにしていた。半年前から体重が10kg 以
endo,endo_ch08_q340,118C-74,67,964,6%,Y,HHS患者のインスリン治療とともに開始する輸液の組成で適切なのはどれか。（各選択肢はNa/K/Cl/Lactate/ブドウ糖の含有量）
endo,endo_ch08_q357,117E-43,324,949,34%,Y,連問 1/2次の文を読み、357 と358 の問いに答えよ。68 歳の男性。眼のかすみと足の違和感を主訴に来院した。現病歴：20 年前から健診で尿糖を指摘されて
endo,endo_ch08_q358,117E-44,73,934,7%,Y,高齢糖尿病患者の対応として正しいのはどれか。（蛋白制限食/強度の高い運動/1200kcal食事/SU薬による厳格管理/心身機能評価による目標設定）
endo,endo_ch08_q368,114E-47,334,675,49%,Y,連問 1/2次の文を読み、368 と369 の問いに答えよ。48 歳の男性。倦怠感と口渇を主訴に来院した。現病歴：2 年前から糖尿病を指摘されていたが医療機関を
endo,endo_ch08_q369,114E-48,317,676,46%,Y,連問 2/2次の文を読み、368 と369 の問いに答えよ。48 歳の男性。倦怠感と口渇を主訴に来院した。現病歴：2 年前から糖尿病を指摘されていたが医療機関を
endo,endo_ch08_q371,114F-63,307,606,50%,Y,連問 1/386 歳の女性。発熱を主訴に来院した。現病歴：2 日前に長男が患者に連絡した際「風邪をひいている」との訴えがあった。本日長男が連絡した際に電話がつな
endo,endo_ch08_q372,114F-64,330,641,51%,Y,連問 2/386 歳の女性。発熱を主訴に来院した。現病歴：2 日前に長男が患者に連絡した際「風邪をひいている」との訴えがあった。本日長男が連絡した際に電話がつな
endo,endo_ch08_q373,114F-65,348,729,47%,Y,連問 3/386 歳の女性。発熱を主訴に来院した。現病歴：2 日前に長男が患者に連絡した際「風邪をひいている」との訴えがあった。本日長男が連絡した際に電話がつな
endo,endo_ch08_q379,111B-50,314,926,33%,Y,連問 1/378 歳の男性。倦怠感と口渇を訴え、通院中の病院を受診した。現病歴：68 歳時に人間ドックで高血糖を指摘されて治療を開始した。3 か月ごとに定期受診
endo,endo_ch08_q380,111B-51,345,966,35%,Y,連問 2/378 歳の男性。倦怠感と口渇を訴え、通院中の病院を受診した。現病歴：68 歳時に人間ドックで高血糖を指摘されて治療を開始した。3 か月ごとに定期受診
endo,endo_ch08_q381,111B-52,339,1000,33%,Y,連問 3/378 歳の男性。倦怠感と口渇を訴え、通院中の病院を受診した。現病歴：68 歳時に人間ドックで高血糖を指摘されて治療を開始した。3 か月ごとに定期受診
endo,endo_ch08_q388,109C-27,66,408,16%,Y,意識障害のDM患者。意識レベルJCSⅠ-1。体温36.4℃。脈拍108/分整。血圧166/96mmHg。直ちに行うべき検査はどれか。
endo,endo_ch08_q402,106C-26,311,466,66%,Y,連問 1/2次の文を読み、402 と403 の問いに答えよ。88 歳の男性。意識障害のため搬入された。現病歴：元来、軽度の物忘れと難聴とがあるが、1 人で杖をつ
endo,endo_ch08_q403,106C-27,338,500,67%,Y,連問 2/2次の文を読み、402 と403 の問いに答えよ。88 歳の男性。意識障害のため搬入された。現病歴：元来、軽度の物忘れと難聴とがあるが、1 人で杖をつ
endo,endo_ch08_q411,105G-65,308,888,34%,Y,連問 1/345 歳の男性。めまい、嘔気および嘔吐を主訴に来院した。現病歴：24 歳から毎年健康診断を受けていたが、異常を指摘されたことはなかった。直近では6 
endo,endo_ch08_q412,105G-66,324,890,36%,Y,連問 2/345 歳の男性。めまい、嘔気および嘔吐を主訴に来院した。現病歴：24 歳から毎年健康診断を受けていたが、異常を指摘されたことはなかった。直近では6 
endo,endo_ch08_q413,105G-67,323,896,36%,Y,連問 3/345 歳の男性。めまい、嘔気および嘔吐を主訴に来院した。現病歴：24 歳から毎年健康診断を受けていたが、異常を指摘されたことはなかった。直近では6 
endo,endo_ch08_q415,104G-64,311,728,42%,Y,連問 1/351 歳の男性。口渇、多飲および全身倦怠感を主訴に来院した。現病歴：1 か月前から口渇が出現し、清涼飲料水を多飲している。2 週前から全身倦怠感を自
endo,endo_ch08_q416,104G-65,331,724,45%,Y,連問 2/351 歳の男性。口渇、多飲および全身倦怠感を主訴に来院した。現病歴：1 か月前から口渇が出現し、清涼飲料水を多飲している。2 週前から全身倦怠感を自
endo,endo_ch08_q417,104G-66,324,732,44%,Y,連問 3/351 歳の男性。口渇、多飲および全身倦怠感を主訴に来院した。現病歴：1 か月前から口渇が出現し、清涼飲料水を多飲している。2 週前から全身倦怠感を自
endo,endo_ch09_q444,115F-72,328,586,55%,Y,連問 1/342 歳の男性。職場の健康診断で異常を指摘されて来院した。現病歴：20 歳代の頃は体重68kg 程度であったが、32 歳での結婚を機に徐々に増加し、
endo,endo_ch09_q445,115F-73,354,667,53%,Y,連問 2/342 歳の男性。職場の健康診断で異常を指摘されて来院した。現病歴：20 歳代の頃は体重68kg 程度であったが、32 歳での結婚を機に徐々に増加し、
endo,endo_ch09_q446,115F-74,335,573,58%,Y,連問 3/342 歳の男性。職場の健康診断で異常を指摘されて来院した。現病歴：20 歳代の頃は体重68kg 程度であったが、32 歳での結婚を機に徐々に増加し、
endo,endo_ch10_q480,110F-26,287,544,52%,Y,連問 1/2次の文を読み、480 と481 の問いに答えよ。89 歳の女性。左膝の痛みを主訴に来院した。現病歴：3 日前から左膝の痛みと38℃の発熱が出現した。
endo,endo_ch10_q481,110F-27,299,545,54%,Y,連問 2/2次の文を読み、480 と481 の問いに答えよ。89 歳の女性。左膝の痛みを主訴に来院した。現病歴：3 日前から左膝の痛みと38℃の発熱が出現した。
endo,endo_ch10_q488,118E-49,297,687,43%,Y,連問 1/2次の文を読み、488 と489 の問いに答えよ。42 歳の男性。右足関節痛を主訴に来院した。現病歴：昨夕から右足関節の違和感を自覚し、深夜に同部の痛
endo,endo_ch10_q489,118E-50,317,694,45%,Y,連問 2/2次の文を読み、488 と489 の問いに答えよ。42 歳の男性。右足関節痛を主訴に来院した。現病歴：昨夕から右足関節の違和感を自覚し、深夜に同部の痛
resp,resp_ch01_q35,115F-63,307,959,32%,Y,連問 1/383 歳の男性。食欲が低下し元気がないため妻とともに来院した。現病歴：約5 年前から物忘れが目立ち、Alzheimer 型認知症と診断されていた。1
resp,resp_ch01_q36,115F-64,463,1115,41%,Y,連問 2/383 歳の男性。食欲が低下し元気がないため妻とともに来院した。現病歴：約5 年前から物忘れが目立ち、Alzheimer 型認知症と診断されていた。1
resp,resp_ch01_q37,115F-65,392,1044,37%,Y,連問 3/383 歳の男性。食欲が低下し元気がないため妻とともに来院した。現病歴：約5 年前から物忘れが目立ち、Alzheimer 型認知症と診断されていた。1
resp,resp_ch02_q92,116E-41,317,678,46%,Y,連問 1/2次の文を読み、92 と93 の問いに答えよ。83 歳の男性。呼吸困難を主訴に救急外来を受診した。現病歴：6 年前から呼吸器疾患で入退院を繰り返してお
resp,resp_ch02_q93,116E-42,330,691,47%,Y,連問 2/2次の文を読み、92 と93 の問いに答えよ。83 歳の男性。呼吸困難を主訴に救急外来を受診した。現病歴：6 年前から呼吸器疾患で入退院を繰り返してお
resp,resp_ch03_q111,120F-61,316,602,52%,Y,連問 1/380 歳の男性。労作時の息切れを主訴に来院した。現病歴：3 年前から労作時に息切れを自覚していた。6 か月前から咳、痰が出現し、1 か月前から坂道や
resp,resp_ch03_q112,120F-62,343,686,50%,Y,連問 2/380 歳の男性。労作時の息切れを主訴に来院した。現病歴：3 年前から労作時に息切れを自覚していた。6 か月前から咳、痰が出現し、1 か月前から坂道や
resp,resp_ch03_q113,120F-63,409,695,58%,Y,連問 3/380 歳の男性。労作時の息切れを主訴に来院した。現病歴：3 年前から労作時に息切れを自覚していた。6 か月前から咳、痰が出現し、1 か月前から坂道や
resp,resp_ch03_q116,119E-47,345,952,36%,Y,連問 1/2次の文を読み、116 と117 の問いに答えよ。75 歳の女性。呼吸困難を主訴に救急車で搬入された。現病歴：8 年前に認知症と診断され、現在は直前の
resp,resp_ch03_q117,119E-48,342,950,36%,Y,連問 2/2次の文を読み、116 と117 の問いに答えよ。75 歳の女性。呼吸困難を主訴に救急車で搬入された。現病歴：8 年前に認知症と診断され、現在は直前の
resp,resp_ch03_q129,118E-47,316,503,62%,Y,連問 1/2次の文を読み、129 と130 の問いに答えよ。19 歳の女性。呼吸困難を主訴に来院した。現病歴：1 週間前から上気道炎症状があった。3 日前から喘
resp,resp_ch03_q130,118E-48,334,532,62%,Y,連問 2/2次の文を読み、129 と130 の問いに答えよ。19 歳の女性。呼吸困難を主訴に来院した。現病歴：1 週間前から上気道炎症状があった。3 日前から喘
resp,resp_ch03_q132,117C-72,349,938,37%,Y,連問 1/385 歳の男性。発熱と呼吸困難を主訴に家族とともに来院した。現病歴：1 年前から息切れのため自宅の階段を昇ることが困難となり、食事や飲水の際のむせが
resp,resp_ch03_q133,117C-73,327,916,35%,Y,連問 2/385 歳の男性。発熱と呼吸困難を主訴に家族とともに来院した。現病歴：1 年前から息切れのため自宅の階段を昇ることが困難となり、食事や飲水の際のむせが
resp,resp_ch03_q134,117C-74,419,1008,41%,Y,連問 3/385 歳の男性。発熱と呼吸困難を主訴に家族とともに来院した。現病歴：1 年前から息切れのため自宅の階段を昇ることが困難となり、食事や飲水の際のむせが
resp,resp_ch03_q135,117F-62,310,619,50%,Y,連問 1/375 歳の男性。労作時の呼吸困難を主訴に来院した。現病歴：数年前から労作時の息切れがあったが、約1 年前から階段や坂道は途中で休まないと昇れなくなっ
resp,resp_ch03_q136,117F-63,310,619,50%,Y,連問 2/375 歳の男性。労作時の呼吸困難を主訴に来院した。現病歴：数年前から労作時の息切れがあったが、約1 年前から階段や坂道は途中で休まないと昇れなくなっ
resp,resp_ch03_q137,117F-64,497,806,61%,Y,連問 3/375 歳の男性。労作時の呼吸困難を主訴に来院した。現病歴：数年前から労作時の息切れがあったが、約1 年前から階段や坂道は途中で休まないと昇れなくなっ
resp,resp_ch03_q157,110C-28,310,677,45%,Y,連問 1/2次の文を読み、157 と158 の問いに答えよ。67 歳の女性。息苦しさを主訴に来院した。現病歴：5 年前から労作時に呼吸困難を自覚していた。風邪を
resp,resp_ch03_q158,110C-29,317,684,46%,Y,連問 2/2次の文を読み、157 と158 の問いに答えよ。67 歳の女性。息苦しさを主訴に来院した。現病歴：5 年前から労作時に呼吸困難を自覚していた。風邪を
resp,resp_ch04_q174,106G-62,299,468,63%,Y,連問 1/375 歳の男性。熱感を主訴に来院した。現病歴：5 日前の田植え作業中に咳を自覚し、その後持続していた。痰は少しからむ程度であり、色は白色透明であった
resp,resp_ch04_q175,106G-63,293,462,63%,Y,連問 2/375 歳の男性。熱感を主訴に来院した。現病歴：5 日前の田植え作業中に咳を自覚し、その後持続していた。痰は少しからむ程度であり、色は白色透明であった
resp,resp_ch04_q176,106G-64,347,510,68%,Y,連問 3/375 歳の男性。熱感を主訴に来院した。現病歴：5 日前の田植え作業中に咳を自覚し、その後持続していた。痰は少しからむ程度であり、色は白色透明であった
resp,resp_ch04_q207,113E-50,300,558,53%,Y,連問 1/2次の文を読み、207 と208 の問いに答えよ。79 歳の男性。咳嗽と呼吸困難を主訴に来院した。現病歴：半年前から咳嗽と労作時の息切れを自覚するよう
resp,resp_ch04_q208,113E-51,303,561,54%,Y,連問 2/2次の文を読み、207 と208 の問いに答えよ。79 歳の男性。咳嗽と呼吸困難を主訴に来院した。現病歴：半年前から咳嗽と労作時の息切れを自覚するよう
resp,resp_ch04_q217,110E-64,315,688,45%,Y,連問 1/360 歳の男性。胸部痛を主訴に来院した。現病歴：1 か月前から持続性の右胸部痛が出現した。1 週前から息切れも自覚するようになった。自宅近くの医療機
resp,resp_ch04_q218,110E-65,310,683,45%,Y,連問 2/360 歳の男性。胸部痛を主訴に来院した。現病歴：1 か月前から持続性の右胸部痛が出現した。1 週前から息切れも自覚するようになった。自宅近くの医療機
resp,resp_ch04_q219,110E-66,333,715,46%,Y,連問 3/360 歳の男性。胸部痛を主訴に来院した。現病歴：1 か月前から持続性の右胸部痛が出現した。1 週前から息切れも自覚するようになった。自宅近くの医療機
resp,resp_ch05_q260,117F-71,424,770,55%,Y,連問 1/327 歳の女性。胸痛と呼吸困難を主訴に来院した。現病歴：昨日から右前胸部痛を自覚した。息を吸うと痛みが悪化するため、深呼吸ができなかった。本日は胸痛
resp,resp_ch05_q261,117F-72,299,645,46%,Y,連問 2/327 歳の女性。胸痛と呼吸困難を主訴に来院した。現病歴：昨日から右前胸部痛を自覚した。息を吸うと痛みが悪化するため、深呼吸ができなかった。本日は胸痛
resp,resp_ch05_q262,117F-73,310,656,47%,Y,連問 3/327 歳の女性。胸痛と呼吸困難を主訴に来院した。現病歴：昨日から右前胸部痛を自覚した。息を吸うと痛みが悪化するため、深呼吸ができなかった。本日は胸痛
resp,resp_ch05_q267,115E-41,302,969,31%,Y,連問 1/2次の文を読み、267 と268 の問いに答えよ。75 歳の男性。呼吸困難を主訴に受診した。現病歴：3 日前に飛行機で1 泊2 日の旅行をし、2 日前
resp,resp_ch05_q268,115E-42,389,1056,36%,Y,連問 2/2次の文を読み、267 と268 の問いに答えよ。75 歳の男性。呼吸困難を主訴に受診した。現病歴：3 日前に飛行機で1 泊2 日の旅行をし、2 日前
resp,resp_ch05_q272,113C-58,330,544,60%,Y,連問 2/358 歳の男性。息苦しさと左胸部痛を主訴に救急車で搬入された。現病歴：30 分前に職場でデスクワーク中、突然の息苦しさと左胸部全体の痛みが出現した。
resp,resp_ch05_q281,108E-66,323,744,43%,Y,連問 1/372 歳の女性。労作時呼吸困難を主訴に来院した。現病歴：約半年前から労作時の呼吸困難を自覚していた。当初は階段や急な坂を登る時のみであったが次第に悪
resp,resp_ch06_q310,118C-60,304,698,43%,Y,連問 1/378 歳の男性。嗄声を主訴に来院した。現病歴：1 か月前に嗄声が出現した。2 週間前から飲水時に咳嗽が出現するようになり自宅近くの診療所で鎮咳薬を処
resp,resp_ch06_q311,118C-61,441,835,52%,Y,連問 2/378 歳の男性。嗄声を主訴に来院した。現病歴：1 か月前に嗄声が出現した。2 週間前から飲水時に咳嗽が出現するようになり自宅近くの診療所で鎮咳薬を処
resp,resp_ch06_q312,118C-62,555,949,58%,Y,連問 3/378 歳の男性。嗄声を主訴に来院した。現病歴：1 か月前に嗄声が出現した。2 週間前から飲水時に咳嗽が出現するようになり自宅近くの診療所で鎮咳薬を処
resp,resp_ch06_q348,107B-55,303,770,39%,Y,連問 1/368 歳の男性。血痰を主訴に来院した。現病歴：3 か月前から咳嗽があり、時々血痰も出現していた。最近血痰の回数が増加したため来院した。既往歴：55 
resp,resp_ch06_q349,107B-56,302,769,39%,Y,連問 2/368 歳の男性。血痰を主訴に来院した。現病歴：3 か月前から咳嗽があり、時々血痰も出現していた。最近血痰の回数が増加したため来院した。既往歴：55 
resp,resp_ch06_q350,107B-57,307,770,39%,Y,連問 3/368 歳の男性。血痰を主訴に来院した。現病歴：3 か月前から咳嗽があり、時々血痰も出現していた。最近血痰の回数が増加したため来院した。既往歴：55 
resp,resp_ch06_q359,106F-28,317,773,41%,Y,連問 1/2次の文を読み、359 と360 の問いに答えよ。67 歳の男性。全身の衰弱を心配した家族に伴われて来院した。現病歴：3 か月前から徐々に体重が減少し
resp,resp_ch06_q360,106F-29,309,765,40%,Y,連問 2/2次の文を読み、359 と360 の問いに答えよ。67 歳の男性。全身の衰弱を心配した家族に伴われて来院した。現病歴：3 か月前から徐々に体重が減少し
resp,resp_ch08_q416,119C-65,310,555,55%,Y,連問 1/330 歳の男性。左前胸部痛と呼吸困難を主訴に来院した。現病歴：格闘技の選手。試合中に左前胸部を蹴られ、試合会場近くの病院を受診した。既往歴：特記すべ
resp,resp_ch08_q417,119C-66,329,735,44%,Y,連問 2/330 歳の男性。左前胸部痛と呼吸困難を主訴に来院した。現病歴：格闘技の選手。試合中に左前胸部を蹴られ、試合会場近くの病院を受診した。既往歴：特記すべ
resp,resp_ch08_q418,119C-67,305,550,55%,Y,連問 3/330 歳の男性。左前胸部痛と呼吸困難を主訴に来院した。現病歴：格闘技の選手。試合中に左前胸部を蹴られ、試合会場近くの病院を受診した。既往歴：特記すべ
resp,resp_ch08_q433,117B-50,325,794,40%,Y,連問 2/2次の文を読み、432 と433 の問いに答えよ。65 歳の女性。呼吸困難を主訴に来院した。現病歴：1 時間前、自転車で走行中に転倒した。左胸部を強打
resp,resp_ch08_q435,117E-48,325,477,68%,Y,連問 2/2次の文を読み、434 と435 の問いに答えよ。22 歳の男性。交通外傷のため救急車で搬入された。現病歴：高速道路で乗用車運転中にガードレールに衝突
resp,resp_ch08_q437,116E-43,311,455,68%,Y,連問 1/2次の文を読み、437 と438 の問いに答えよ。23 歳の男性。胸痛を主訴に来院した。現病歴：朝、通勤中に突然胸痛が出現した。駅のベンチで休息すると
resp,resp_ch08_q438,116E-44,313,457,68%,Y,連問 2/2次の文を読み、437 と438 の問いに答えよ。23 歳の男性。胸痛を主訴に来院した。現病歴：朝、通勤中に突然胸痛が出現した。駅のベンチで休息すると
resp,resp_ch08_q441,115E-43,303,486,62%,Y,連問 1/2次の文を読み、441 と442 の問いに答えよ。84 歳男性。発熱と左側胸部痛を主訴に来院した。現病歴：5 日前から咽頭痛と37℃前後の微熱があり、
resp,resp_ch08_q442,115E-44,296,713,41%,Y,連問 2/2次の文を読み、441 と442 の問いに答えよ。84 歳男性。発熱と左側胸部痛を主訴に来院した。現病歴：5 日前から咽頭痛と37℃前後の微熱があり、
resp,resp_ch08_q448,112E-44,312,927,33%,Y,連問 1/2次の文を読み、448 と449 の問いに答えよ。86 歳の男性。右胸部痛と食欲不振とを主訴に来院した。現病歴：10 年前からCOPD のために外来通
resp,resp_ch08_q449,112E-45,297,912,32%,Y,連問 2/2次の文を読み、448 と449 の問いに答えよ。86 歳の男性。右胸部痛と食欲不振とを主訴に来院した。現病歴：10 年前からCOPD のために外来通
resp,resp_ch08_q454,111H-37,327,766,42%,Y,連問 1/2次の文を読み、454 と455 の問いに答えよ。26 歳の男性。左胸痛と息苦しさとを主訴に来院した。現病歴：昼ごろに咳込んだ際、左胸痛が出現した。し
resp,resp_ch08_q455,111H-38,333,787,42%,Y,連問 2/2次の文を読み、454 と455 の問いに答えよ。26 歳の男性。左胸痛と息苦しさとを主訴に来院した。現病歴：昼ごろに咳込んだ際、左胸痛が出現した。し
circ,circ_ch01_q40,111H-33,316,814,38%,Y,連問 1/2次の文を読み、40 と41 の問いに答えよ。55 歳の男性。息切れと下腿の浮腫とを主訴に来院した。現病歴：約6 か月前から全身倦怠感を自覚していたが
circ,circ_ch01_q41,111H-34,341,922,36%,Y,連問 2/2次の文を読み、40 と41 の問いに答えよ。55 歳の男性。息切れと下腿の浮腫とを主訴に来院した。現病歴：約6 か月前から全身倦怠感を自覚していたが
circ,circ_ch02_q80,120E-44,318,503,63%,Y,連問 2/2次の文を読み、79 と80 の問いに答えよ。78 歳の男性。呼吸困難を主訴に救急車で搬入された。現病歴：昨日まで特に問題なく過ごしていた。深夜から急
circ,circ_ch02_q83,119E-43,319,849,37%,Y,連問 1/2次の文を読み、83 と84 の問いに答えよ。74 歳の女性。感冒様症状を主訴に来院した。現病歴：現在、医療機関に通院していない。2 週間前から、微熱
circ,circ_ch02_q100,113F-74,318,880,36%,Y,連問 1/370 歳の男性。労作時の息切れを主訴に来院した。現病歴：4 年前に縦隔腫瘍に対し摘出手術が施行され、病理検査で軟部肉腫と診断された。2 年前に肺転移
circ,circ_ch02_q101,113F-75,343,878,39%,Y,連問 2/370 歳の男性。労作時の息切れを主訴に来院した。現病歴：4 年前に縦隔腫瘍に対し摘出手術が施行され、病理検査で軟部肉腫と診断された。2 年前に肺転移
circ,circ_ch02_q102,113F-76,320,893,35%,Y,連問 3/370 歳の男性。労作時の息切れを主訴に来院した。現病歴：4 年前に縦隔腫瘍に対し摘出手術が施行され、病理検査で軟部肉腫と診断された。2 年前に肺転移
circ,circ_ch02_q106,110G-66,257,1179,21%,Y,連問 1/378 歳の男性。呼吸困難と下腿浮腫とを主訴に来院した。現病歴：心不全、心筋梗塞および高血圧症にて自宅近くの診療所に通院中であった。2 か月前から階段
circ,circ_ch02_q107,110G-67,256,1366,18%,Y,連問 2/378 歳の男性。呼吸困難と下腿浮腫とを主訴に来院した。現病歴：心不全、心筋梗塞および高血圧症にて自宅近くの診療所に通院中であった。2 か月前から階段
circ,circ_ch02_q108,110G-68,270,1285,21%,Y,連問 3/378 歳の男性。呼吸困難と下腿浮腫とを主訴に来院した。現病歴：心不全、心筋梗塞および高血圧症にて自宅近くの診療所に通院中であった。2 か月前から階段
circ,circ_ch02_q122,105H-31,310,693,44%,Y,連問 1/2次の文を読み、122 と123 の問いに答えよ。64 歳の男性。労作時の息切れを主訴に来院した。現病歴：半年前から立ち仕事で疲れやすくなったが、年の
circ,circ_ch02_q123,105H-32,326,720,45%,Y,連問 2/2次の文を読み、122 と123 の問いに答えよ。64 歳の男性。労作時の息切れを主訴に来院した。現病歴：半年前から立ち仕事で疲れやすくなったが、年の
circ,circ_ch03_q133,119F-69,313,557,56%,Y,連問 1/360 歳の男性。激しい胸痛と息苦しさを主訴に救急車で搬入された。現病歴：7 日前から10 分程度の平地歩行で前胸部の絞扼感と息苦しさとを自覚していた
circ,circ_ch03_q134,119F-70,343,600,57%,Y,連問 2/360 歳の男性。激しい胸痛と息苦しさを主訴に救急車で搬入された。現病歴：7 日前から10 分程度の平地歩行で前胸部の絞扼感と息苦しさとを自覚していた
circ,circ_ch03_q135,119F-71,67,629,10%,Y,（連問）洞調律復帰後、カテーテル室で平均血圧60mmHg維持困難・心拍数120/分以上・不穏状態。次に行う治療として適切なのはどれか。
circ,circ_ch03_q138,118F-73,66,254,25%,Y,研修医、指導医および看護師の3 人が救急外来で夜間勤務をしていた。研修医が初期対応をおこなった。研修医が最も優先すべき対応はどれか。
circ,circ_ch03_q139,118F-74,285,678,42%,Y,連問 2/370 歳の男性。激しい胸痛のため家族に伴われて救急車で搬入された。現　症：意識レベルはJCSⅡ-10。心拍数104/ 分、整。血圧68mmHg（触診
circ,circ_ch03_q147,111C-30,334,776,43%,Y,連問 1/2次の文を読み、147 と148 の問いに答えよ。74 歳の男性。胃癌の治療で入院中に胸痛の訴えがあったため当直医が呼ばれた。現病歴：3 日前から消化
circ,circ_ch03_q148,111C-31,331,773,42%,Y,連問 2/2次の文を読み、147 と148 の問いに答えよ。74 歳の男性。胃癌の治療で入院中に胸痛の訴えがあったため当直医が呼ばれた。現病歴：3 日前から消化
circ,circ_ch03_q149,109E-66,311,882,35%,Y,連問 1/358 歳の男性。前胸部圧迫感を主訴に来院した。現病歴：午前11 時ころ、庭仕事中に頸部に放散する前胸部圧迫感を初めて自覚した。2 分以上続き冷汗も出
circ,circ_ch03_q150,109E-67,298,869,34%,Y,連問 2/358 歳の男性。前胸部圧迫感を主訴に来院した。現病歴：午前11 時ころ、庭仕事中に頸部に放散する前胸部圧迫感を初めて自覚した。2 分以上続き冷汗も出
circ,circ_ch03_q151,109E-68,307,879,34%,Y,連問 3/358 歳の男性。前胸部圧迫感を主訴に来院した。現病歴：午前11 時ころ、庭仕事中に頸部に放散する前胸部圧迫感を初めて自覚した。2 分以上続き冷汗も出
circ,circ_ch03_q162,115C-72,304,720,42%,Y,連問 1/380 歳の男性。胸痛のため救急車で搬入された。現病歴：昨日午後7 時ころ夕食中に急に胸部絞扼感を感じた。胸痛は約30 分持続したが自然に軽快し、その
circ,circ_ch03_q163,115C-73,339,775,43%,Y,連問 2/380 歳の男性。胸痛のため救急車で搬入された。現病歴：昨日午後7 時ころ夕食中に急に胸部絞扼感を感じた。胸痛は約30 分持続したが自然に軽快し、その
circ,circ_ch03_q164,115C-74,64,774,8%,Y,（連問[115C-74]）AMI+IABP後、血行動態安定・IABP抜去後。心臓リハビリテーションの説明で誤っているのはどれか。
circ,circ_ch03_q169,113C-60,308,614,50%,Y,連問 1/352 歳の男性。歩行時の胸痛を主訴に来院した。現病歴：1 週間前から階段を昇ったときに前胸部痛を感じていた。前胸部痛は下顎にも放散し、安静にすると1
circ,circ_ch03_q170,113C-61,318,634,50%,Y,連問 2/352 歳の男性。歩行時の胸痛を主訴に来院した。現病歴：1 週間前から階段を昇ったときに前胸部痛を感じていた。前胸部痛は下顎にも放散し、安静にすると1
circ,circ_ch03_q171,113C-62,333,647,51%,Y,連問 3/352 歳の男性。歩行時の胸痛を主訴に来院した。現病歴：1 週間前から階段を昇ったときに前胸部痛を感じていた。前胸部痛は下顎にも放散し、安静にすると1
circ,circ_ch03_q174,113F-71,304,828,36%,Y,連問 1/380 歳の女性。食欲不振を主訴に来院した。現病歴：昨日の朝から気分が優れず、冷汗と息苦しさが出現し、食欲も低下した。昨晩も熟睡できなかった。今朝も同
circ,circ_ch03_q175,113F-72,323,844,38%,Y,連問 2/380 歳の女性。食欲不振を主訴に来院した。現病歴：昨日の朝から気分が優れず、冷汗と息苦しさが出現し、食欲も低下した。昨晩も熟睡できなかった。今朝も同
circ,circ_ch03_q176,113F-73,345,1035,33%,Y,連問 3/380 歳の女性。食欲不振を主訴に来院した。現病歴：昨日の朝から気分が優れず、冷汗と息苦しさが出現し、食欲も低下した。昨晩も熟睡できなかった。今朝も同
circ,circ_ch03_q179,112B-45,347,716,48%,Y,連問 2/2次の文を読み、178 と179 の問いに答えよ。74 歳の女性。持続する前胸部痛のため来院した。現病歴：本日午前7時45分、朝食の準備中に突然、咽頭
circ,circ_ch03_q181,112E-50,319,694,45%,Y,連問 1/2次の文を読み、181 と182 の問いに答えよ。56 歳の男性。胸痛のため救急車で搬入された。現病歴：起床時に胸痛を自覚した。10 分経過しても胸痛
circ,circ_ch03_q182,112E-51,348,716,48%,Y,連問 2/2次の文を読み、181 と182 の問いに答えよ。56 歳の男性。胸痛のため救急車で搬入された。現病歴：起床時に胸痛を自覚した。10 分経過しても胸痛
circ,circ_ch03_q183,112F-78,383,641,59%,Y,連問 1/359 歳の男性。激しい前胸部痛と息苦しさのために救急車で搬入された。現病歴：3 日前から5 分程度のジョギングで前胸部の絞扼感と息苦しさとを自覚して
circ,circ_ch03_q184,112F-79,330,579,56%,Y,連問 2/359 歳の男性。激しい前胸部痛と息苦しさのために救急車で搬入された。現病歴：3 日前から5 分程度のジョギングで前胸部の絞扼感と息苦しさとを自覚して
circ,circ_ch03_q185,112F-80,347,601,57%,Y,連問 3/359 歳の男性。激しい前胸部痛と息苦しさのために救急車で搬入された。現病歴：3 日前から5 分程度のジョギングで前胸部の絞扼感と息苦しさとを自覚して
circ,circ_ch03_q186,111E-63,310,718,43%,Y,連問 1/346 歳の男性。心窩部から左前胸部にかけての痛みを主訴に来院した。現病歴：本日、午前9 時、職場の会議中に心窩部から左前胸部にかけての締め付けられる
circ,circ_ch03_q187,111E-64,333,713,46%,Y,連問 2/346 歳の男性。心窩部から左前胸部にかけての痛みを主訴に来院した。現病歴：本日、午前9 時、職場の会議中に心窩部から左前胸部にかけての締め付けられる
circ,circ_ch03_q188,111E-65,338,737,45%,Y,連問 3/346 歳の男性。心窩部から左前胸部にかけての痛みを主訴に来院した。現病歴：本日、午前9 時、職場の会議中に心窩部から左前胸部にかけての締め付けられる
circ,circ_ch04_q230,119C-59,321,555,57%,Y,連問 1/383 歳の男性。意識消失を主訴に救急車で搬入された。現病歴：15 年前から高血圧症で治療中。約5 年前から家族に難聴を指摘されている。3 か月前から
circ,circ_ch04_q231,119C-60,313,537,58%,Y,連問 2/383 歳の男性。意識消失を主訴に救急車で搬入された。現病歴：15 年前から高血圧症で治療中。約5 年前から家族に難聴を指摘されている。3 か月前から
circ,circ_ch04_q232,119C-61,102,667,15%,Y,（連問）患者が再び意識消失（数秒後回復）。意識消失時：心拍数14/分・不整・血圧90/56mmHg。心電図モニター波形（完全房室ブロック様）。家族聴取で5回以上
circ,circ_ch04_q260,116E-46,60,130,46%,,（連問）心房細動患者。抗凝固薬の服薬アドヒアランスが不良。患者の発言からアドヒアランス低下の理由として適切なのはどれか。
circ,circ_ch04_q267,114E-43,315,616,51%,Y,連問 1/2次の文を読み、267 と268 の問いに答えよ。49 歳の男性。動悸と息苦しさを主訴に来院した。現病歴：今朝、朝食時に強い動悸を自覚し、息苦しさを伴
circ,circ_ch04_q268,114E-44,318,619,51%,Y,連問 2/2次の文を読み、267 と268 の問いに答えよ。49 歳の男性。動悸と息苦しさを主訴に来院した。現病歴：今朝、朝食時に強い動悸を自覚し、息苦しさを伴
circ,circ_ch04_q275,111G-63,312,784,39%,Y,連問 1/384 歳の女性。失神と眼前暗黒感とを主訴に来院した。現病歴：1 週間前から時々気が遠くなるようなふらつきを自覚していたが、本日、朝食前に突然眼前暗黒
circ,circ_ch04_q276,111G-64,340,783,43%,Y,連問 2/384 歳の女性。失神と眼前暗黒感とを主訴に来院した。現病歴：1 週間前から時々気が遠くなるようなふらつきを自覚していたが、本日、朝食前に突然眼前暗黒
circ,circ_ch04_q277,111G-65,333,805,41%,Y,連問 3/384 歳の女性。失神と眼前暗黒感とを主訴に来院した。現病歴：1 週間前から時々気が遠くなるようなふらつきを自覚していたが、本日、朝食前に突然眼前暗黒
circ,circ_ch04_q291,107E-58,240,710,33%,Y,連問 1/379 歳の男性。ふらつきを主訴に来院した。現病歴：3 年前に妻を亡くし、1 人暮らし。隣県に住む娘が時々様子を見に来ており、数か月前から物忘れが目立
circ,circ_ch04_q292,107E-59,277,728,38%,Y,連問 2/379 歳の男性。ふらつきを主訴に来院した。現病歴：3 年前に妻を亡くし、1 人暮らし。隣県に住む娘が時々様子を見に来ており、数か月前から物忘れが目立
circ,circ_ch04_q293,107E-60,283,740,38%,Y,連問 3/379 歳の男性。ふらつきを主訴に来院した。現病歴：3 年前に妻を亡くし、1 人暮らし。隣県に住む娘が時々様子を見に来ており、数か月前から物忘れが目立
circ,circ_ch05_q326,116B-44,305,473,64%,Y,連問 1/2次の文を読み、326 と327 の問いに答えよ。78 歳の女性。息切れを主訴に来院した。現病歴：65 歳で事務職を退職するまで毎年、健康診断を受けて
circ,circ_ch05_q327,116B-45,329,485,67%,Y,連問 2/2次の文を読み、326 と327 の問いに答えよ。78 歳の女性。息切れを主訴に来院した。現病歴：65 歳で事務職を退職するまで毎年、健康診断を受けて
circ,circ_ch05_q329,114B-42,324,950,34%,Y,連問 2/2次の文を読み、328 と329 の問いに答えよ。80 歳の女性。失神のため救急車で搬入された。現病歴：1 か月前から咳が出現し、5m 歩行しても息切
circ,circ_ch05_q331,113B-49,64,361,17%,Y,現症（胸骨右縁第2肋間最強の収縮期雑音、血圧128/88mmHg）で図の①〜⑤の経路のうち正しいのはどれか。（AS心エコー所見）
circ,circ_ch05_q338,109G-64,313,939,33%,Y,連問 1/386 歳の女性。発熱と呼吸困難とを主訴に来院した。現病歴：ADL は自立していたが半年前から時々食事中にむせることがあった。2 日前から咳や痰を伴う
circ,circ_ch05_q339,109G-65,305,931,32%,Y,連問 2/386 歳の女性。発熱と呼吸困難とを主訴に来院した。現病歴：ADL は自立していたが半年前から時々食事中にむせることがあった。2 日前から咳や痰を伴う
circ,circ_ch05_q340,109G-66,340,1037,32%,Y,連問 3/386 歳の女性。発熱と呼吸困難とを主訴に来院した。現病歴：ADL は自立していたが半年前から時々食事中にむせることがあった。2 日前から咳や痰を伴う
circ,circ_ch05_q361,103F-30,316,484,65%,Y,連問 1/2次の文を読み、361 と362 の問いに答えよ。29 歳の男性。動悸と労作時呼吸困難とを主訴に来院した。現病歴：学生のころから心雑音を指摘されていた
circ,circ_ch05_q362,103F-31,308,471,65%,Y,連問 2/2次の文を読み、361 と362 の問いに答えよ。29 歳の男性。動悸と労作時呼吸困難とを主訴に来院した。現病歴：学生のころから心雑音を指摘されていた
circ,circ_ch06_q413,109B-53,298,951,31%,Y,連問 1/381 歳の男性。発熱を主訴に来院した。現病歴：5 日前から37℃台の発熱が出現し、3 日前から腰痛が出現した。腰痛は鈍痛で、運動時と安静時ともに自覚
circ,circ_ch06_q414,109B-54,326,994,32%,Y,連問 2/381 歳の男性。発熱を主訴に来院した。現病歴：5 日前から37℃台の発熱が出現し、3 日前から腰痛が出現した。腰痛は鈍痛で、運動時と安静時ともに自覚
circ,circ_ch06_q415,109B-55,321,958,33%,Y,連問 3/381 歳の男性。発熱を主訴に来院した。現病歴：5 日前から37℃台の発熱が出現し、3 日前から腰痛が出現した。腰痛は鈍痛で、運動時と安静時ともに自覚
circ,circ_ch06_q420,108H-37,300,453,66%,Y,連問 1/2次の文を読み、420 と421 の問いに答えよ。69 歳の女性。発熱を主訴に来院した。現病歴：2 週前から38℃台の発熱が出現し、非ステロイド性抗炎
circ,circ_ch06_q421,108H-38,321,465,69%,Y,連問 2/2次の文を読み、420 と421 の問いに答えよ。69 歳の女性。発熱を主訴に来院した。現病歴：2 週前から38℃台の発熱が出現し、非ステロイド性抗炎
circ,circ_ch06_q427,105C-30,304,772,39%,Y,連問 1/2次の文を読み、427 と428 の問いに答えよ。95 歳の男性。呼吸困難のため搬入された。現病歴：咳嗽が続くため2 か月前に自宅近くの診療所を受診し
circ,circ_ch06_q428,105C-31,339,772,43%,Y,連問 2/2次の文を読み、427 と428 の問いに答えよ。95 歳の男性。呼吸困難のため搬入された。現病歴：咳嗽が続くため2 か月前に自宅近くの診療所を受診し
circ,circ_ch08_q491,110F-28,309,530,58%,Y,連問 1/2次の文を読み、491 と492 の問いに答えよ。72 歳の男性。突然の背部痛と冷汗とを主訴に来院した。現病歴：本日午後2 時、庭仕事中に突然の背部痛
circ,circ_ch08_q492,110F-29,324,532,60%,Y,連問 2/2次の文を読み、491 と492 の問いに答えよ。72 歳の男性。突然の背部痛と冷汗とを主訴に来院した。現病歴：本日午後2 時、庭仕事中に突然の背部痛
circ,circ_ch08_q502,105H-35,289,456,63%,Y,連問 1/2次の文を読み、502 と503 の問いに答えよ。27 歳の男性。突然の胸背部痛のため搬入された。現病歴：車の運転中、激烈な胸痛を突然自覚し、その後、
circ,circ_ch08_q503,105H-36,293,441,66%,Y,連問 2/2次の文を読み、502 と503 の問いに答えよ。27 歳の男性。突然の胸背部痛のため搬入された。現病歴：車の運転中、激烈な胸痛を突然自覚し、その後、
circ,circ_ch09_q525,113E-46,354,542,65%,Y,連問 1/2次の文を読み、525 と526 の問いに答えよ。72 歳の男性。左下肢痛を主訴に来院した。現病歴：2 年前から500m 程度歩行すると両側下腿に疼痛
circ,circ_ch09_q526,113E-47,325,606,53%,Y,連問 2/2次の文を読み、525 と526 の問いに答えよ。72 歳の男性。左下肢痛を主訴に来院した。現病歴：2 年前から500m 程度歩行すると両側下腿に疼痛
circ,circ_ch09_q535,111F-28,281,1018,27%,Y,連問 1/2次の文を読み、535 と536 の問いに答えよ。62 歳の男性。右下肢の痛みを主訴に来院した。現病歴：半年前から散歩の際に右下肢の疲れやすさを自覚し
circ,circ_ch09_q536,111F-29,275,1016,27%,Y,連問 2/2次の文を読み、535 と536 の問いに答えよ。62 歳の男性。右下肢の痛みを主訴に来院した。現病歴：半年前から散歩の際に右下肢の疲れやすさを自覚し
circ,circ_ch10_q566,107G-60,319,563,56%,Y,連問 1/382 歳の男性。意識消失のため搬入された。現病歴：本日、ビールを飲みながら夕食をとった後、入浴のため食卓から立ち上がり歩き始めたところ、突然意識を消
circ,circ_ch10_q567,107G-61,334,552,60%,Y,連問 2/382 歳の男性。意識消失のため搬入された。現病歴：本日、ビールを飲みながら夕食をとった後、入浴のため食卓から立ち上がり歩き始めたところ、突然意識を消
circ,circ_ch10_q568,107G-62,347,586,59%,Y,連問 3/382 歳の男性。意識消失のため搬入された。現病歴：本日、ビールを飲みながら夕食をとった後、入浴のため食卓から立ち上がり歩き始めたところ、突然意識を消
dige,dige_ch01_q3,120E-50,378,543,69%,Y,連問 2/2次の文を読み、2 と3 の問いに答えよ。75 歳の女性。血便を主訴に来院した。現病歴：3 日前から急に左下腹部痛が出現し、排便時に鮮紅色の血液が混じ
dige,dige_ch01_q23,118C-63,387,893,43%,Y,連問 1/355 歳の男性。便秘を主訴に来院した。現病歴：3 か月前に会社内で配置転換があり勤務中にトイレに行きにくくなった。元々、便秘がちであり便が硬くなった
dige,dige_ch01_q24,118C-64,55,853,6%,Y,連問（便潜血陽性患者）。下部消化管内視鏡検査を行うこととした。この患者への検査当日の前処置で適切なのはどれか。
dige,dige_ch01_q25,118C-65,38,841,4%,Y,連問（S状結腸内視鏡像A〜Dを示す）。この患者に行われた内視鏡治療はどれか。
dige,dige_ch01_q27,116C-72,320,910,35%,Y,連問 1/387 歳の女性。両側下腿浮腫を主訴に夫と息子夫婦とともに来院した。現病歴：約半年前から両側下腿浮腫が出現し、自宅近くの医療機関で少量の利尿薬を処方さ
dige,dige_ch01_q28,116C-73,360,939,38%,Y,連問 2/387 歳の女性。両側下腿浮腫を主訴に夫と息子夫婦とともに来院した。現病歴：約半年前から両側下腿浮腫が出現し、自宅近くの医療機関で少量の利尿薬を処方さ
dige,dige_ch01_q29,116C-74,349,1004,34%,Y,連問 3/387 歳の女性。両側下腿浮腫を主訴に夫と息子夫婦とともに来院した。現病歴：約半年前から両側下腿浮腫が出現し、自宅近くの医療機関で少量の利尿薬を処方さ
dige,dige_ch01_q30,116F-71,317,896,35%,Y,連問 1/365 歳の女性。便潜血陽性を指摘され来院した。現病歴：職場の健康診断で便潜血陽性を指摘され精査目的で受診した。便通異常の自覚はない。既往歴：55 歳
dige,dige_ch01_q31,116F-72,348,904,38%,Y,連問 2/365 歳の女性。便潜血陽性を指摘され来院した。現病歴：職場の健康診断で便潜血陽性を指摘され精査目的で受診した。便通異常の自覚はない。既往歴：55 歳
dige,dige_ch01_q32,116F-73,352,945,37%,Y,連問 3/365 歳の女性。便潜血陽性を指摘され来院した。現病歴：職場の健康診断で便潜血陽性を指摘され精査目的で受診した。便通異常の自覚はない。既往歴：55 歳
dige,dige_ch02_q59,116F-68,317,843,37%,Y,連問 1/350 歳の女性。発熱を主訴に来院した。現病歴：3 か月前に大腸癌と診断され、左鎖骨下静脈に中心静脈ポートを造設し外来で抗癌化学療法を行っていた。3 
dige,dige_ch02_q60,116F-69,358,894,40%,Y,連問 2/350 歳の女性。発熱を主訴に来院した。現病歴：3 か月前に大腸癌と診断され、左鎖骨下静脈に中心静脈ポートを造設し外来で抗癌化学療法を行っていた。3 
dige,dige_ch02_q61,116F-70,353,851,41%,Y,連問 3/350 歳の女性。発熱を主訴に来院した。現病歴：3 か月前に大腸癌と診断され、左鎖骨下静脈に中心静脈ポートを造設し外来で抗癌化学療法を行っていた。3 
dige,dige_ch02_q64,112C-57,314,857,36%,Y,連問 1/363 歳の女性。結腸癌のため開腹手術が予定されている。現病歴：2 か月前に受けた健診で貧血と便潜血反応陽性とを指摘された。2 週間前の下部消化管内視
dige,dige_ch02_q65,112C-58,332,866,38%,Y,連問 2/363 歳の女性。結腸癌のため開腹手術が予定されている。現病歴：2 か月前に受けた健診で貧血と便潜血反応陽性とを指摘された。2 週間前の下部消化管内視
dige,dige_ch02_q66,112C-59,346,1107,31%,Y,連問 3/363 歳の女性。結腸癌のため開腹手術が予定されている。現病歴：2 か月前に受けた健診で貧血と便潜血反応陽性とを指摘された。2 週間前の下部消化管内視
dige,dige_ch02_q74,116B-40,109,721,15%,Y,血液透析を開始するため右内頸静脈から透析用カテーテルを留置することとなった。超音波ガイド下にカテーテルを挿入中、患者の体動がみられ、胸が苦しいとの訴えがあった。
dige,dige_ch02_q75,116B-41,343,642,53%,Y,連問 2/2次の文を読み、74 と75 の問いに答えよ。76 歳の男性。食欲低下と全身倦怠感を主訴に来院した。現病歴：58 歳時に高血圧症と診断され、内服加療を
dige,dige_ch02_q77,115C-60,295,1031,28%,Y,連問 1/365 歳の男性。食道癌手術後に入院中である。現病歴：食道癌のため、10 日前に胸腔鏡補助下胸部食道全摘術を施行した。術後経口摂取が困難と予想されたた
dige,dige_ch02_q78,115C-61,326,1029,31%,Y,連問 2/365 歳の男性。食道癌手術後に入院中である。現病歴：食道癌のため、10 日前に胸腔鏡補助下胸部食道全摘術を施行した。術後経口摂取が困難と予想されたた
dige,dige_ch02_q79,115C-62,337,1106,30%,Y,連問 3/365 歳の男性。食道癌手術後に入院中である。現病歴：食道癌のため、10 日前に胸腔鏡補助下胸部食道全摘術を施行した。術後経口摂取が困難と予想されたた
dige,dige_ch02_q84,112E-48,357,884,40%,Y,連問 1/2次の文を読み、84 と85 の問いに答えよ。74 歳の男性。全身倦怠感と食欲低下の精査で指摘された胃癌の手術のため入院した。現病歴：2 か月前から全
dige,dige_ch02_q85,112E-49,350,890,39%,Y,連問 2/2次の文を読み、84 と85 の問いに答えよ。74 歳の男性。全身倦怠感と食欲低下の精査で指摘された胃癌の手術のため入院した。現病歴：2 か月前から全
dige,dige_ch03_q95,119B-45,313,591,52%,Y,連問 1/2次の文を読み、95 と 96 の問いに答えよ。70 歳の女性。心窩部痛を主訴に来院した。現病歴：1 週間前から空腹時に軽度の心窩部痛を自覚していたが
dige,dige_ch03_q96,119B-46,343,600,57%,Y,連問 2/2次の文を読み、95 と 96 の問いに答えよ。70 歳の女性。心窩部痛を主訴に来院した。現病歴：1 週間前から空腹時に軽度の心窩部痛を自覚していたが
dige,dige_ch03_q98,119F-63,306,688,44%,Y,連問 1/364 歳の女性。嘔吐を主訴に来院した。現病歴：今朝、悪心で目が覚め、黒色物を嘔吐したため、夫とともに受診した。既往歴：40 歳時に胆囊炎で手術。Pa
dige,dige_ch03_q99,119F-64,346,724,47%,Y,連問 2/364 歳の女性。嘔吐を主訴に来院した。現病歴：今朝、悪心で目が覚め、黒色物を嘔吐したため、夫とともに受診した。既往歴：40 歳時に胆囊炎で手術。Pa
dige,dige_ch03_q100,119F-65,365,745,48%,Y,連問 3/364 歳の女性。嘔吐を主訴に来院した。現病歴：今朝、悪心で目が覚め、黒色物を嘔吐したため、夫とともに受診した。既往歴：40 歳時に胆囊炎で手術。Pa
dige,dige_ch03_q116,114F-69,366,604,60%,Y,連問 1/376 歳の女性。胃癌の治療のため来院した。現病歴：健康診断の上部消化管内視鏡検査と生検で胃癌と診断されたため治療の目的で受診した。同健康診断で血中H
dige,dige_ch03_q117,114F-70,364,908,40%,Y,連問 2/376 歳の女性。胃癌の治療のため来院した。現病歴：健康診断の上部消化管内視鏡検査と生検で胃癌と診断されたため治療の目的で受診した。同健康診断で血中H
dige,dige_ch03_q118,114F-71,334,553,60%,Y,連問 3/376 歳の女性。胃癌の治療のため来院した。現病歴：健康診断の上部消化管内視鏡検査と生検で胃癌と診断されたため治療の目的で受診した。同健康診断で血中H
dige,dige_ch03_q120,113C-55,359,721,49%,Y,連問 2/382 歳の女性。転倒し救急車で搬入された。現病歴：廊下で倒れているところを家族が発見し、救急車を要請した。半年前から階段昇降時の息切れを自覚していた
dige,dige_ch03_q125,111B-60,205,796,25%,Y,連問 2/363 歳の男性。吐血のため救急車で搬入された。現病歴：2 年前から食後に心窩部痛を感じていたが、多忙であったために医療機関を受診していなかった。最近
dige,dige_ch03_q130,110H-33,301,815,36%,Y,連問 1/2次の文を読み、130 と131 の問いに答えよ。71 歳の男性。ふらつきを主訴に来院した。現病歴：1 週前から朝の目覚めが悪く、散歩中に気分が悪くて
dige,dige_ch03_q131,110H-34,311,808,38%,Y,連問 2/2次の文を読み、130 と131 の問いに答えよ。71 歳の男性。ふらつきを主訴に来院した。現病歴：1 週前から朝の目覚めが悪く、散歩中に気分が悪くて
dige,dige_ch03_q136,109F-26,308,509,60%,Y,連問 1/2次の文を読み、136 と137 の問いに答えよ。51 歳の男性。上腹部痛を主訴に来院した。現病歴：3 日前から上腹部の強い痛みと悪心とを自覚していた
dige,dige_ch03_q137,109F-27,341,787,43%,Y,連問 2/2次の文を読み、136 と137 の問いに答えよ。51 歳の男性。上腹部痛を主訴に来院した。現病歴：3 日前から上腹部の強い痛みと悪心とを自覚していた
dige,dige_ch03_q139,108G-67,279,579,48%,Y,連問 1/362 歳の男性。心窩部痛を主訴に来院した。現病歴：3 か月前から時々心窩部不快感を自覚するようになった。最近、会社の同僚が同じような症状で胃癌の診断
dige,dige_ch03_q140,108G-68,310,618,50%,Y,連問 2/362 歳の男性。心窩部痛を主訴に来院した。現病歴：3 か月前から時々心窩部不快感を自覚するようになった。最近、会社の同僚が同じような症状で胃癌の診断
dige,dige_ch03_q141,108G-69,302,581,51%,Y,連問 3/362 歳の男性。心窩部痛を主訴に来院した。現病歴：3 か月前から時々心窩部不快感を自覚するようになった。最近、会社の同僚が同じような症状で胃癌の診断
dige,dige_ch04_q202,104B-56,298,481,61%,Y,連問 1/376 歳の男性。発熱と呼吸困難とを主訴に来院した。現病歴：2 か月前から嚥下障害を自覚していたが放置していた。5 日前から水分摂取時にむせるようにな
dige,dige_ch04_q203,104B-57,311,478,65%,Y,連問 2/376 歳の男性。発熱と呼吸困難とを主訴に来院した。現病歴：2 か月前から嚥下障害を自覚していたが放置していた。5 日前から水分摂取時にむせるようにな
dige,dige_ch04_q204,104B-58,311,477,65%,Y,連問 3/376 歳の男性。発熱と呼吸困難とを主訴に来院した。現病歴：2 か月前から嚥下障害を自覚していたが放置していた。5 日前から水分摂取時にむせるようにな
dige,dige_ch04_q210,100D-49,302,465,64%,Y,連問 1/2次の文を読み、210 と211 の問いに答えよ。68 歳の男性。嚥下障害を主訴に来院した。現病歴  ： 1 か月前肉片がつかえ、そのときは水を飲んで
dige,dige_ch04_q211,100D-50,327,475,68%,Y,連問 2/2次の文を読み、210 と211 の問いに答えよ。68 歳の男性。嚥下障害を主訴に来院した。現病歴  ： 1 か月前肉片がつかえ、そのときは水を飲んで
dige,dige_ch05_q238,117E-41,329,877,37%,Y,連問 1/2次の文を読み、238 と239 の問いに答えよ。60 歳の男性。嘔吐を主訴に来院した。現病歴：1 年前に胃癌で胃全摘術を受け、その後外来で約8 か月
dige,dige_ch05_q239,117E-42,374,925,40%,Y,連問 2/2次の文を読み、238 と239 の問いに答えよ。60 歳の男性。嘔吐を主訴に来院した。現病歴：1 年前に胃癌で胃全摘術を受け、その後外来で約8 か月
dige,dige_ch05_q246,110G-60,305,862,35%,Y,連問 1/378 歳の男性。胃病変の精査と治療とを希望して来院した。現病歴：2 年前から心窩部痛を自覚していた。自宅近くの診療所で上部消化管造影検査を受け、異常
dige,dige_ch05_q247,110G-61,324,866,37%,Y,連問 2/378 歳の男性。胃病変の精査と治療とを希望して来院した。現病歴：2 年前から心窩部痛を自覚していた。自宅近くの診療所で上部消化管造影検査を受け、異常
dige,dige_ch05_q248,110G-62,317,862,36%,Y,連問 3/378 歳の男性。胃病変の精査と治療とを希望して来院した。現病歴：2 年前から心窩部痛を自覚していた。自宅近くの診療所で上部消化管造影検査を受け、異常
dige,dige_ch05_q251,109G-67,12,595,2%,Y,考えられる診断はどれか。
dige,dige_ch05_q252,109G-68,56,628,8%,Y,連問（胃底腺ポリープ）。生検組織のH-E染色標本（C①〜⑤）を示す（画像問題）。この病変と考えられるのはどれか。
dige,dige_ch05_q253,109G-69,31,602,5%,Y,連問（胃底腺ポリープ）。胃病変への対応として適切なのはどれか。
dige,dige_ch06_q276,119E-45,65,784,8%,Y,検査結果を説明後に、患者から「幼い子供がいるので、うつる病気かどうか心配です」と発言があった。この発言に対する適切な問診はどれか。
dige,dige_ch06_q277,119E-46,344,800,43%,Y,連問 2/2次の文を読み、276 と277 の問いに答えよ。32 歳の男性。腹痛を主訴に来院した。現病歴：本日起床時から腹痛が出現した。悪心を伴い朝食を食べられ
dige,dige_ch06_q295,115E-47,315,730,43%,Y,連問 1/2次の文を読み、295 と296 の問いに答えよ。75 歳の男性。発熱、腹痛および下痢のため救急車で搬入された。現病歴：10 日前から左下腿蜂窩織炎の
dige,dige_ch06_q296,115E-48,333,734,45%,Y,連問 2/2次の文を読み、295 と296 の問いに答えよ。75 歳の男性。発熱、腹痛および下痢のため救急車で搬入された。現病歴：10 日前から左下腿蜂窩織炎の
dige,dige_ch06_q303,111H-35,298,754,39%,Y,連問 1/2次の文を読み、303 と304 の問いに答えよ。81 歳の男性。前立腺炎で入院中に下痢を訴えている。現病歴：10 日前から、急性細菌性前立腺炎の診断
dige,dige_ch06_q304,111H-36,339,773,43%,Y,連問 2/2次の文を読み、303 と304 の問いに答えよ。81 歳の男性。前立腺炎で入院中に下痢を訴えている。現病歴：10 日前から、急性細菌性前立腺炎の診断
dige,dige_ch06_q306,110H-35,310,597,51%,Y,連問 1/2次の文を読み、306 と307 の問いに答えよ。70 歳の女性。発熱、咳嗽、喀痰および呼吸困難を主訴に来院した。現病歴：3 日前から咳嗽と喀痰とを自
dige,dige_ch06_q307,110H-36,61,756,8%,Y,画像あり。連問（肺炎で入院・セフェム系抗菌薬投与後に1日数回の水様性下痢が出現）。診断のために最初に行うべき検査はどれか。
dige,dige_ch06_q319,104C-28,304,648,46%,Y,連問 1/2次の文を読み、319 と320 の問いに答えよ。55 歳の女性。右下腹部痛を主訴に来院した。現病歴  ： 5日前から毎日就寝前に右下腹部痛が出現した
dige,dige_ch06_q320,104C-29,324,644,50%,Y,連問 2/2次の文を読み、319 と320 の問いに答えよ。55 歳の女性。右下腹部痛を主訴に来院した。現病歴  ： 5日前から毎日就寝前に右下腹部痛が出現した
dige,dige_ch09_q415,120F-64,314,670,46%,Y,連問 1/370 歳の男性。血便を主訴に来院した。現病歴：6 か月前から便秘が数日間続いたあとに下痢をするという便通異常を繰り返していた。3 日前から便秘があり
dige,dige_ch09_q416,120F-65,348,729,47%,Y,連問 2/370 歳の男性。血便を主訴に来院した。現病歴：6 か月前から便秘が数日間続いたあとに下痢をするという便通異常を繰り返していた。3 日前から便秘があり
dige,dige_ch09_q417,120F-66,65,854,7%,Y,画像あり。連問（大腸癌術後4年・遠隔転移再発・倦怠感・経口摂取不良・1か月で3kg体重減少）。がん悪液質と診断。正しいのはどれか。
dige,dige_ch09_q434,108F-30,320,759,42%,Y,連問 1/2次の文を読み、434 と435 の問いに答えよ。50 歳の男性。便秘と下痢とを繰り返すことを主訴に来院した。現病歴：3 週前に下痢を自覚し、その後腹
dige,dige_ch09_q435,108F-31,376,817,46%,Y,連問 2/2次の文を読み、434 と435 の問いに答えよ。50 歳の男性。便秘と下痢とを繰り返すことを主訴に来院した。現病歴：3 週前に下痢を自覚し、その後腹
dige,dige_ch09_q437,107B-58,305,549,55%,Y,連問 1/357 歳の男性。便潜血検査で異常を指摘され精査のため来院した。現病歴：50 歳時に大腸ポリープで内視鏡的切除術を受けた。その後、特に症状を認めないた
dige,dige_ch09_q438,107B-59,324,552,58%,Y,連問 2/357 歳の男性。便潜血検査で異常を指摘され精査のため来院した。現病歴：50 歳時に大腸ポリープで内視鏡的切除術を受けた。その後、特に症状を認めないた
dige,dige_ch09_q439,107B-60,355,599,59%,Y,連問 3/357 歳の男性。便潜血検査で異常を指摘され精査のため来院した。現病歴：50 歳時に大腸ポリープで内視鏡的切除術を受けた。その後、特に症状を認めないた
dige,dige_ch11_q499,104H-31,281,530,53%,Y,連問 1/2次の文を読み、499 と500 の問いに答えよ。55 歳の男性。腹痛を主訴に来院した。現病歴：2 週前に右下腹部に違和感を覚えた。歩行すると足のつけ
dige,dige_ch11_q500,104H-32,309,534,57%,Y,連問 2/2次の文を読み、499 と500 の問いに答えよ。55 歳の男性。腹痛を主訴に来院した。現病歴：2 週前に右下腹部に違和感を覚えた。歩行すると足のつけ
neur,neur_ch01_q26,118E-45,295,803,36%,Y,連問 1/2次の文を読み、26 と27 の問いに答えよ。68 歳の男性。歩行困難を主訴に来院した。2 年前から歩き方が酔っ払っているようだと家族に指摘されている
neur,neur_ch01_q27,118E-46,312,808,38%,Y,連問 2/2次の文を読み、26 と27 の問いに答えよ。68 歳の男性。歩行困難を主訴に来院した。2 年前から歩き方が酔っ払っているようだと家族に指摘されている
neur,neur_ch02_q81,113F-81,288,797,36%,Y,連問 2/367 歳の男性。突然の嚥下困難のため救急車で搬入された。現病歴：本日、昼食中に突然、後頭部痛、めまい及び悪心を感じて嘔吐した。しばらく横になり様子を
neur,neur_ch02_q82,113F-82,318,825,38%,Y,連問 3/367 歳の男性。突然の嚥下困難のため救急車で搬入された。現病歴：本日、昼食中に突然、後頭部痛、めまい及び悪心を感じて嘔吐した。しばらく横になり様子を
neur,neur_ch02_q118,102B-57,299,670,44%,Y,連問 1/360 歳の男性。歩行困難とめまいのため搬入された。現病歴：本日の午後1 時、会議で立って発言中に突然めまいと嘔吐とが出現し、ふらふらして、まっすぐ立
neur,neur_ch02_q119,102B-58,311,670,46%,Y,連問 2/360 歳の男性。歩行困難とめまいのため搬入された。現病歴：本日の午後1 時、会議で立って発言中に突然めまいと嘔吐とが出現し、ふらふらして、まっすぐ立
neur,neur_ch02_q120,102B-59,309,668,46%,Y,連問 3/360 歳の男性。歩行困難とめまいのため搬入された。現病歴：本日の午後1 時、会議で立って発言中に突然めまいと嘔吐とが出現し、ふらふらして、まっすぐ立
neur,neur_ch02_q122,102E-61,315,610,51%,Y,連問 1/368 歳の女性。複視を主訴に来院した。現病歴：1 か月前から物が二重に見えるようになった。同じころから上の方を見上げると、右目に異物があるような感じ
neur,neur_ch02_q123,102E-62,330,635,51%,Y,連問 2/368 歳の女性。複視を主訴に来院した。現病歴：1 か月前から物が二重に見えるようになった。同じころから上の方を見上げると、右目に異物があるような感じ
neur,neur_ch02_q124,102E-63,330,614,53%,Y,連問 3/368 歳の女性。複視を主訴に来院した。現病歴：1 か月前から物が二重に見えるようになった。同じころから上の方を見上げると、右目に異物があるような感じ
neur,neur_ch02_q128,101E-22,306,724,42%,Y,連問 1/361 歳の男性。複視と歩行障害とを主訴に来院した。現病歴：今日の午前10 時頃、会議中に突然物が二重に見え、右上下肢が動かしづらいことに気付いた。様
neur,neur_ch02_q129,101E-23,323,728,44%,Y,連問 2/361 歳の男性。複視と歩行障害とを主訴に来院した。現病歴：今日の午前10 時頃、会議中に突然物が二重に見え、右上下肢が動かしづらいことに気付いた。様
neur,neur_ch02_q130,101E-24,323,729,44%,Y,連問 3/361 歳の男性。複視と歩行障害とを主訴に来院した。現病歴：今日の午前10 時頃、会議中に突然物が二重に見え、右上下肢が動かしづらいことに気付いた。様
neur,neur_ch03_q141,119B-43,310,678,45%,Y,連問 1/2次の文を読み、141 と142 の問いに答えよ。54 歳の男性。脳ドックで異常を指摘され来院した。現病歴：自覚症状はなかったが、今回初めて脳ドックを
neur,neur_ch03_q142,119B-44,308,690,44%,Y,連問 2/2次の文を読み、141 と142 の問いに答えよ。54 歳の男性。脳ドックで異常を指摘され来院した。現病歴：自覚症状はなかったが、今回初めて脳ドックを
neur,neur_ch03_q148,117F-59,77,857,8%,Y,まもなく、刺激に対する反応がなくなり、自発呼吸が停止した。頸動脈は触知できなかった。モニター心電図（A）を示す。この時点での心電図診断で正しいのはどれか。
neur,neur_ch03_q149,117F-60,328,1015,32%,Y,連問 2/356 歳の女性。強い頭痛後に、意識障害を生じたため救急車で搬入された。現病歴：自宅で家事をしていたところ、突然強い頭痛を訴えた。その後まもなく反応が
neur,neur_ch03_q150,117F-61,388,875,44%,Y,連問 3/356 歳の女性。強い頭痛後に、意識障害を生じたため救急車で搬入された。現病歴：自宅で家事をしていたところ、突然強い頭痛を訴えた。その後まもなく反応が
neur,neur_ch03_q156,112E-42,386,664,58%,Y,連問 1/2次の文を読み、156 と157 の問いに答えよ。68 歳の女性。意識障害と右上下肢の麻痺のため救急車で搬入された。現病歴：3 年前から高血圧症と心房
neur,neur_ch03_q157,112E-43,327,779,41%,Y,連問 2/2次の文を読み、156 と157 の問いに答えよ。68 歳の女性。意識障害と右上下肢の麻痺のため救急車で搬入された。現病歴：3 年前から高血圧症と心房
neur,neur_ch03_q170,118E-41,329,490,67%,Y,連問 1/2次の文を読み、170 と171 の問いに答えよ。48 歳の女性。突然の頭痛のため救急車で搬入された。現病歴：今夜8 時、食事中に突然激しい頭痛と嘔吐
neur,neur_ch03_q171,118E-42,310,468,66%,Y,連問 2/2次の文を読み、170 と171 の問いに答えよ。48 歳の女性。突然の頭痛のため救急車で搬入された。現病歴：今夜8 時、食事中に突然激しい頭痛と嘔吐
neur,neur_ch03_q189,111H-31,332,587,56%,Y,連問 1/2次の文を読み、189 と190 の問いに答えよ。76 歳の男性。左上下肢が動かなくなったため救急車で搬入された。現病歴：朝起床時に体が何となく重かっ
neur,neur_ch03_q190,111H-32,325,662,49%,Y,連問 2/2次の文を読み、189 と190 の問いに答えよ。76 歳の男性。左上下肢が動かなくなったため救急車で搬入された。現病歴：朝起床時に体が何となく重かっ
neur,neur_ch03_q204,107H-37,296,725,40%,Y,連問 1/2次の文を読み、204 と205 の問いに答えよ。55 歳の男性。仕事場で急に倒れ、意識障害のため搬入された。現病歴：家族の話では、昨晩急に頭痛を訴え
neur,neur_ch03_q205,107H-38,298,730,40%,Y,連問 2/2次の文を読み、204 と205 の問いに答えよ。55 歳の男性。仕事場で急に倒れ、意識障害のため搬入された。現病歴：家族の話では、昨晩急に頭痛を訴え
neur,neur_ch03_q218,104E-64,319,673,47%,Y,連問 1/356 歳の女性。全身けいれんと意識障害のため搬入された。現病歴：本日起床後、急に頭痛を訴え嘔吐した。1 時間くらい横になっていたが頭痛がとれないため
neur,neur_ch03_q219,104E-65,315,657,47%,Y,連問 2/356 歳の女性。全身けいれんと意識障害のため搬入された。現病歴：本日起床後、急に頭痛を訴え嘔吐した。1 時間くらい横になっていたが頭痛がとれないため
neur,neur_ch03_q220,104E-66,314,656,47%,Y,連問 3/356 歳の女性。全身けいれんと意識障害のため搬入された。現病歴：本日起床後、急に頭痛を訴え嘔吐した。1 時間くらい横になっていたが頭痛がとれないため
neur,neur_ch03_q229,103G-59,310,499,62%,Y,連問 1/362 歳の女性。言動の変化を心配した家族に伴われて来院した。現病歴：1 週前に突然頭痛が出現し持続したため、自宅で休んでいた。今朝からぼんやりして話
neur,neur_ch03_q230,103G-60,323,506,63%,Y,連問 2/362 歳の女性。言動の変化を心配した家族に伴われて来院した。現病歴：1 週前に突然頭痛が出現し持続したため、自宅で休んでいた。今朝からぼんやりして話
neur,neur_ch03_q231,103G-61,338,525,64%,Y,連問 3/362 歳の女性。言動の変化を心配した家族に伴われて来院した。現病歴：1 週前に突然頭痛が出現し持続したため、自宅で休んでいた。今朝からぼんやりして話
neur,neur_ch03_q232,102C-30,277,532,52%,Y,連問 1/2次の文を読み、232 と233 の問いに答えよ。72 歳の女性。突然の頭痛のため搬入された。現病歴：2 時間前に突然の後頭部痛と嘔気とが出現した。既
neur,neur_ch03_q233,102C-31,275,525,52%,Y,連問 2/2次の文を読み、232 と233 の問いに答えよ。72 歳の女性。突然の頭痛のため搬入された。現病歴：2 時間前に突然の後頭部痛と嘔気とが出現した。既
neur,neur_ch04_q261,110E-68,318,744,42%,Y,連問 2/328 歳の男性。墜落事故のため工事現場から救急車で搬入された。現病歴：建築作業中に誤って約3m の高さから墜落し、頭部を強打した。意識障害がみられ、
neur,neur_ch04_q262,110E-69,344,530,64%,Y,連問 3/328 歳の男性。墜落事故のため工事現場から救急車で搬入された。現病歴：建築作業中に誤って約3m の高さから墜落し、頭部を強打した。意識障害がみられ、
neur,neur_ch05_q276,119C-68,309,681,45%,Y,連問 1/375 歳の男性。転びやすさを主訴に来院した。現病歴：3 年前から、就寝中に大きな声で寝言を言ったり、手足をバタバタ動かしたりしていることに妻が気付い
neur,neur_ch05_q277,119C-69,304,663,45%,Y,連問 2/375 歳の男性。転びやすさを主訴に来院した。現病歴：3 年前から、就寝中に大きな声で寝言を言ったり、手足をバタバタ動かしたりしていることに妻が気付い
neur,neur_ch05_q278,119C-70,296,655,45%,Y,連問 3/375 歳の男性。転びやすさを主訴に来院した。現病歴：3 年前から、就寝中に大きな声で寝言を言ったり、手足をバタバタ動かしたりしていることに妻が気付い
neur,neur_ch05_q280,117F-68,64,702,9%,Y,今回、撮像したドパミントランスポーターSPECT（A）と123I-MIBG 交感神経心筋シンチグラム（B）を示す。診断はどれか。
neur,neur_ch05_q281,117F-69,331,661,50%,Y,連問 2/376 歳の女性。歩行障害を主訴に来院した。現病歴：6 年前から左上肢の動かしにくさが出現し、4 年前から歩くのが遅くなった。4 年前から自宅近くの診
neur,neur_ch05_q282,117F-70,334,682,48%,Y,連問 3/376 歳の女性。歩行障害を主訴に来院した。現病歴：6 年前から左上肢の動かしにくさが出現し、4 年前から歩くのが遅くなった。4 年前から自宅近くの診
neur,neur_ch05_q292,105B-56,312,772,40%,Y,連問 1/375 歳の男性。不穏状態のため家族に伴われて来院した。現病歴：3 年前からParkinson 病の診断で内服治療中であった。1 週前から水様下痢と微
neur,neur_ch05_q293,105B-57,326,770,42%,Y,連問 2/375 歳の男性。不穏状態のため家族に伴われて来院した。現病歴：3 年前からParkinson 病の診断で内服治療中であった。1 週前から水様下痢と微
neur,neur_ch05_q294,105B-58,320,762,41%,Y,連問 3/375 歳の男性。不穏状態のため家族に伴われて来院した。現病歴：3 年前からParkinson 病の診断で内服治療中であった。1 週前から水様下痢と微
neur,neur_ch05_q296,118C-69,306,758,40%,Y,連問 1/372 歳の女性。物忘れのため心配した夫に伴われて来院した。現病歴：1 年前から、時折、財布の中にある金額があわないと訴えることがあった。半年前から「
neur,neur_ch05_q297,118C-70,324,752,43%,Y,連問 2/372 歳の女性。物忘れのため心配した夫に伴われて来院した。現病歴：1 年前から、時折、財布の中にある金額があわないと訴えることがあった。半年前から「
neur,neur_ch05_q298,118C-71,332,790,42%,Y,連問 3/372 歳の女性。物忘れのため心配した夫に伴われて来院した。現病歴：1 年前から、時折、財布の中にある金額があわないと訴えることがあった。半年前から「
neur,neur_ch05_q303,115C-63,297,439,67%,Y,連問 1/382 歳の女性。発熱と意識障害のため救急車で搬入された。現病歴：3 日前から発熱し、食事もむせるようになった。本日朝から呼びかけへの反応が乏しくなっ
neur,neur_ch05_q306,115F-69,311,753,41%,Y,連問 1/369 歳の男性。物忘れを心配した家族に伴われて来院した。現病歴：約1 年半前から予定を忘れてしまうことが多くなった。約1 年前から、日中、呼びかけへ
neur,neur_ch05_q307,115F-70,333,761,43%,Y,連問 2/369 歳の男性。物忘れを心配した家族に伴われて来院した。現病歴：約1 年半前から予定を忘れてしまうことが多くなった。約1 年前から、日中、呼びかけへ
neur,neur_ch05_q308,115F-71,336,882,38%,Y,連問 3/369 歳の男性。物忘れを心配した家族に伴われて来院した。現病歴：約1 年半前から予定を忘れてしまうことが多くなった。約1 年前から、日中、呼びかけへ
neur,neur_ch05_q335,107E-64,290,496,58%,Y,連問 1/365 歳の男性。物忘れが目立つようになったことを心配した妻に伴われて来院した。現病歴：1 年前から物忘れが多くなったことに妻が気付いた。本人も物忘れ
neur,neur_ch05_q336,107E-65,302,841,35%,Y,連問 2/365 歳の男性。物忘れが目立つようになったことを心配した妻に伴われて来院した。現病歴：1 年前から物忘れが多くなったことに妻が気付いた。本人も物忘れ
neur,neur_ch05_q337,107E-66,301,632,47%,Y,連問 3/365 歳の男性。物忘れが目立つようになったことを心配した妻に伴われて来院した。現病歴：1 年前から物忘れが多くなったことに妻が気付いた。本人も物忘れ
neur,neur_ch06_q344,120C-61,307,998,30%,Y,連問 1/328 歳の女性。右下肢の脱力を主訴に来院した。現病歴：8 年前に左眼がかすんで見えたが、自然に軽快した。7 日前に右下肢の脱力を自覚した。5 日前か
neur,neur_ch06_q345,120C-62,335,1038,32%,Y,連問 2/328 歳の女性。右下肢の脱力を主訴に来院した。現病歴：8 年前に左眼がかすんで見えたが、自然に軽快した。7 日前に右下肢の脱力を自覚した。5 日前か
neur,neur_ch06_q346,120C-63,316,997,31%,Y,連問 3/328 歳の女性。右下肢の脱力を主訴に来院した。現病歴：8 年前に左眼がかすんで見えたが、自然に軽快した。7 日前に右下肢の脱力を自覚した。5 日前か
neur,neur_ch06_q365,116C-69,322,1048,30%,Y,連問 1/356 歳の女性。歩行困難と嚥下困難を主訴に来院した。現病歴：2 年前から左上肢の筋力低下を自覚した。1 年前から右上肢にも同様の症状を自覚するように
neur,neur_ch06_q366,116C-70,318,1035,30%,Y,連問 2/356 歳の女性。歩行困難と嚥下困難を主訴に来院した。現病歴：2 年前から左上肢の筋力低下を自覚した。1 年前から右上肢にも同様の症状を自覚するように
neur,neur_ch06_q367,116C-71,322,1037,31%,Y,連問 3/356 歳の女性。歩行困難と嚥下困難を主訴に来院した。現病歴：2 年前から左上肢の筋力低下を自覚した。1 年前から右上肢にも同様の症状を自覚するように
neur,neur_ch07_q388,114B-47,311,656,47%,Y,連問 1/2次の文を読み、388 と389 の問いに答えよ。22 歳の男性。全身の脱力のため救急車で搬入された。現病歴：3 か月前から運動時の動悸を自覚していた
neur,neur_ch07_q389,114B-48,325,675,48%,Y,連問 2/2次の文を読み、388 と389 の問いに答えよ。22 歳の男性。全身の脱力のため救急車で搬入された。現病歴：3 か月前から運動時の動悸を自覚していた
neur,neur_ch07_q394,105E-60,310,869,35%,Y,連問 1/338 歳の女性。強い息苦しさのため搬入された。現病歴：3 か月前から歩行時に両下肢の疲労感を自覚していたが、休息にて改善していた。2 か月前から家事
neur,neur_ch07_q395,105E-61,328,876,37%,Y,連問 2/338 歳の女性。強い息苦しさのため搬入された。現病歴：3 か月前から歩行時に両下肢の疲労感を自覚していたが、休息にて改善していた。2 か月前から家事
neur,neur_ch07_q396,105E-62,325,874,37%,Y,連問 3/338 歳の女性。強い息苦しさのため搬入された。現病歴：3 か月前から歩行時に両下肢の疲労感を自覚していたが、休息にて改善していた。2 か月前から家事
neur,neur_ch07_q412,108B-59,304,850,35%,Y,連問 1/322 歳の男性。全身の筋力低下のため搬入された。現病歴：5 日前に下痢と悪心とがあった。昨日の起床時に歯ブラシをしっかり握れず、朝食時には箸を使えな
neur,neur_ch07_q413,108B-60,331,974,33%,Y,連問 2/322 歳の男性。全身の筋力低下のため搬入された。現病歴：5 日前に下痢と悪心とがあった。昨日の起床時に歯ブラシをしっかり握れず、朝食時には箸を使えな
neur,neur_ch07_q414,108B-61,322,853,37%,Y,連問 3/322 歳の男性。全身の筋力低下のため搬入された。現病歴：5 日前に下痢と悪心とがあった。昨日の起床時に歯ブラシをしっかり握れず、朝食時には箸を使えな
neur,neur_ch07_q425,101E-4,303,558,54%,Y,連問 1/372 歳の男性。眼瞼下垂、複視および易疲労性を主訴に来院した。現病歴 ：2 か月前から疲れやすさを自覚し、眼瞼が下がり、物が二重に見えるようになった
neur,neur_ch07_q426,101E-5,310,560,55%,Y,連問 2/372 歳の男性。眼瞼下垂、複視および易疲労性を主訴に来院した。現病歴 ：2 か月前から疲れやすさを自覚し、眼瞼が下がり、物が二重に見えるようになった
neur,neur_ch07_q427,101E-6,336,607,55%,Y,連問 3/372 歳の男性。眼瞼下垂、複視および易疲労性を主訴に来院した。現病歴 ：2 か月前から疲れやすさを自覚し、眼瞼が下がり、物が二重に見えるようになった
neur,neur_ch08_q462,117E-50,333,820,40%,Y,連問 2/2次の文を読み、461 と462 の問いに答えよ。47 歳の男性。頭痛と発熱を主訴に来院した。現病歴：3 日前から微熱と全身倦怠感を自覚した。昨日から
neur,neur_ch08_q483,103C-26,302,584,51%,Y,連問 1/2次の文を読み、483 と484 の問いに答えよ。54 歳の男性。意識障害のため搬入された。現病歴：4 日前から感冒様症状があり、発熱と頭痛とが持続し
neur,neur_ch08_q484,103C-27,317,586,54%,Y,連問 2/2次の文を読み、483 と484 の問いに答えよ。54 歳の男性。意識障害のため搬入された。現病歴：4 日前から感冒様症状があり、発熱と頭痛とが持続し
neur,neur_ch09_q505,115B-43,488,779,62%,Y,連問 1/2次の文を読み、505 と506 の問いに答えよ。36 歳の女性。頭痛を主訴に来院した。現病歴：本日午前7 時頃から視界にきらきらした点が現れ、その後
neur,neur_ch09_q506,115B-44,318,597,53%,Y,連問 2/2次の文を読み、505 と506 の問いに答えよ。36 歳の女性。頭痛を主訴に来院した。現病歴：本日午前7 時頃から視界にきらきらした点が現れ、その後
neur,neur_ch10_q537,105C-28,320,533,60%,Y,連問 1/2次の文を読み、537 と538 の問いに答えよ。19 歳の女性。交通事故で受傷したため搬入された。現病歴：軽乗用車を運転中に電柱に衝突した。事故から
neur,neur_ch10_q538,105C-29,326,531,61%,Y,連問 2/2次の文を読み、537 と538 の問いに答えよ。19 歳の女性。交通事故で受傷したため搬入された。現病歴：軽乗用車を運転中に電柱に衝突した。事故から
neur,neur_ch10_q540,118B-43,311,492,63%,Y,連問 1/2次の文を読み、540 と541 の問いに答えよ。70 歳の男性。自転車で転倒したため救急車で搬入された。現病歴：自転車で走行中に転倒し、右側頭部を打
neur,neur_ch10_q541,118B-44,322,501,64%,Y,連問 2/2次の文を読み、540 と541 の問いに答えよ。70 歳の男性。自転車で転倒したため救急車で搬入された。現病歴：自転車で走行中に転倒し、右側頭部を打
jinzo_d,jinzo_d_ch01_q11,115C-69,363,883,41%,Y,連問 1/378 歳の女性。胸部不快感を主訴に来院した。現病歴：2 週前から労作時に胸部の不快感を自覚するようになり受診した。既往歴：61歳時に糖尿病、65歳時
jinzo_d,jinzo_d_ch01_q12,115C-70,351,878,39%,Y,連問 2/378 歳の女性。胸部不快感を主訴に来院した。現病歴：2 週前から労作時に胸部の不快感を自覚するようになり受診した。既往歴：61歳時に糖尿病、65歳時
jinzo_d,jinzo_d_ch01_q13,115C-71,338,839,40%,Y,連問 3/378 歳の女性。胸部不快感を主訴に来院した。現病歴：2 週前から労作時に胸部の不快感を自覚するようになり受診した。既往歴：61歳時に糖尿病、65歳時
jinzo_d,jinzo_d_ch01_q21,106I-80,146,217,67%,,高尿酸血症患者の検査結果を示す。尿所見：pH 5.5、クレアチニン80mg/dl、尿酸34mg/dl。血液生化学所見：クレアチニン1.0mg/dl、尿酸8.0m
jinzo_d,jinzo_d_ch02_q49,120F-67,312,860,36%,Y,連問 1/365 歳の女性。全身倦怠感と息切れを主訴に来院した。現病歴：IgA 腎症による慢性腎臓病と高血圧症で通院していたが、約3 か月前から仕事（週5 日の
jinzo_d,jinzo_d_ch02_q50,120F-68,383,931,41%,Y,連問 2/365 歳の女性。全身倦怠感と息切れを主訴に来院した。現病歴：IgA 腎症による慢性腎臓病と高血圧症で通院していたが、約3 か月前から仕事（週5 日の
jinzo_d,jinzo_d_ch02_q51,120F-69,340,969,35%,Y,連問 3/365 歳の女性。全身倦怠感と息切れを主訴に来院した。現病歴：IgA 腎症による慢性腎臓病と高血圧症で通院していたが、約3 か月前から仕事（週5 日の
jinzo_d,jinzo_d_ch03_q77,119C-71,358,1056,33%,Y,連問 1/385 歳の女性。悪心を主訴に来院した。現病歴：3 日前から悪心があり、症状が悪化したため息子に付き添われて来院した。自宅近くの診療所にて、10 年前
jinzo_d,jinzo_d_ch03_q78,119C-72,327,1001,32%,Y,連問 2/385 歳の女性。悪心を主訴に来院した。現病歴：3 日前から悪心があり、症状が悪化したため息子に付き添われて来院した。自宅近くの診療所にて、10 年前
jinzo_d,jinzo_d_ch03_q79,119C-73,328,1002,32%,Y,連問 3/385 歳の女性。悪心を主訴に来院した。現病歴：3 日前から悪心があり、症状が悪化したため息子に付き添われて来院した。自宅近くの診療所にて、10 年前
jinzo_d,jinzo_d_ch03_q100,118B-49,318,719,44%,Y,連問 1/2次の文を読み、100 と101 の問いに答えよ。78 歳の女性。食欲不振のため救急車で搬入された。現病歴：約1 週間前から食事摂取が減少し一日中ベッ
jinzo_d,jinzo_d_ch03_q101,118B-50,325,713,45%,Y,連問 2/2次の文を読み、100 と101 の問いに答えよ。78 歳の女性。食欲不振のため救急車で搬入された。現病歴：約1 週間前から食事摂取が減少し一日中ベッ
jinzo_d,jinzo_d_ch03_q104,116C-66,305,669,45%,Y,連問 1/373 歳の男性。ふらつきを主訴に来院した。現病歴：3 日前に重い荷物を持ち上げた時に腰痛が出現し、自宅近くの診療所でNSAID の処方を受けた。早期
jinzo_d,jinzo_d_ch03_q105,116C-67,317,670,47%,Y,連問 2/373 歳の男性。ふらつきを主訴に来院した。現病歴：3 日前に重い荷物を持ち上げた時に腰痛が出現し、自宅近くの診療所でNSAID の処方を受けた。早期
jinzo_d,jinzo_d_ch03_q106,116C-68,327,681,48%,Y,連問 3/373 歳の男性。ふらつきを主訴に来院した。現病歴：3 日前に重い荷物を持ち上げた時に腰痛が出現し、自宅近くの診療所でNSAID の処方を受けた。早期
jinzo_d,jinzo_d_ch03_q107,114C-72,334,835,40%,Y,連問 1/376 歳の女性。全身倦怠感と食欲不振を主訴に来院した。現病歴：65 歳時に高血圧症および骨粗鬆症と診断され、かかりつけ医にて内服加療を受けていた。2
jinzo_d,jinzo_d_ch03_q108,114C-73,350,932,37%,Y,連問 2/376 歳の女性。全身倦怠感と食欲不振を主訴に来院した。現病歴：65 歳時に高血圧症および骨粗鬆症と診断され、かかりつけ医にて内服加療を受けていた。2
jinzo_d,jinzo_d_ch03_q109,114C-74,344,825,41%,Y,連問 3/376 歳の女性。全身倦怠感と食欲不振を主訴に来院した。現病歴：65 歳時に高血圧症および骨粗鬆症と診断され、かかりつけ医にて内服加療を受けていた。2
jinzo_d,jinzo_d_ch03_q122,110C-26,303,851,35%,Y,連問 1/2次の文を読み、122 と123 の問いに答えよ。78 歳の女性。食欲不振と軽度の全身倦怠感とを主訴に紹介されて来院した。現病歴：4 週前に自宅で転倒
jinzo_d,jinzo_d_ch03_q123,110C-27,310,843,36%,Y,連問 2/2次の文を読み、122 と123 の問いに答えよ。78 歳の女性。食欲不振と軽度の全身倦怠感とを主訴に紹介されて来院した。現病歴：4 週前に自宅で転倒
jinzo_d,jinzo_d_ch03_q129,109G-61,311,754,41%,Y,連問 1/372 才の男性。全身倦怠感を主訴に来院した。現病歴：7 日前に自宅を出たところでつまずいて転倒し、腰痛が生じたため自宅近くの診療所にて鎮痛薬を処方さ
jinzo_d,jinzo_d_ch03_q130,109G-62,320,752,42%,Y,連問 2/372 才の男性。全身倦怠感を主訴に来院した。現病歴：7 日前に自宅を出たところでつまずいて転倒し、腰痛が生じたため自宅近くの診療所にて鎮痛薬を処方さ
jinzo_d,jinzo_d_ch03_q131,109G-63,349,776,44%,Y,連問 3/372 才の男性。全身倦怠感を主訴に来院した。現病歴：7 日前に自宅を出たところでつまずいて転倒し、腰痛が生じたため自宅近くの診療所にて鎮痛薬を処方さ
jinzo_d,jinzo_d_ch03_q132,109H-35,328,503,65%,Y,連問 1/2次の文を読み、132 と133 の問いに答えよ。27 歳の女性。全身倦怠感と嘔吐とを主訴に来院した。現病歴：夏の暑い日にジョギングをした。走り終わっ
jinzo_d,jinzo_d_ch03_q133,109H-36,325,530,61%,Y,連問 2/2次の文を読み、132 と133 の問いに答えよ。27 歳の女性。全身倦怠感と嘔吐とを主訴に来院した。現病歴：夏の暑い日にジョギングをした。走り終わっ
jinzo_d,jinzo_d_ch03_q139,107H-31,314,631,49%,Y,連問 1/2次の文を読み、139 と140 の問いに答えよ。82 歳の女性。意味不明な言動を心配した家族に伴われて来院した。現病歴：1 週前までは特に変わった様
jinzo_d,jinzo_d_ch03_q140,107H-32,322,623,51%,Y,連問 2/2次の文を読み、139 と140 の問いに答えよ。82 歳の女性。意味不明な言動を心配した家族に伴われて来院した。現病歴：1 週前までは特に変わった様
jinzo_d,jinzo_d_ch04_q179,101D-43,313,557,56%,Y,連問 1/2次の文を読み、179 と180 の問いに答えよ。60 歳の女性。健康診査で高血圧を指摘されて来院した。現病歴：1 か月前に健康診査を受けたところ、血
jinzo_d,jinzo_d_ch04_q180,101D-44,331,555,59%,Y,連問 2/2次の文を読み、179 と180 の問いに答えよ。60 歳の女性。健康診査で高血圧を指摘されて来院した。現病歴：1 か月前に健康診査を受けたところ、血
jinzo_d,jinzo_d_ch04_q183,98C-25,295,530,55%,Y,連問 1/364 歳の女性。労作時呼吸困難と下腿の浮腫とを主訴に来院した。現病歴：20 年前から蛋白尿を指摘され、その時の腎生検でIgA腎症と診断された。近医で
jinzo_d,jinzo_d_ch04_q184,98C-26,304,533,57%,Y,連問 2/364 歳の女性。労作時呼吸困難と下腿の浮腫とを主訴に来院した。現病歴：20 年前から蛋白尿を指摘され、その時の腎生検でIgA腎症と診断された。近医で
jinzo_d,jinzo_d_ch04_q185,98C-27,329,533,61%,Y,連問 3/364 歳の女性。労作時呼吸困難と下腿の浮腫とを主訴に来院した。現病歴：20 年前から蛋白尿を指摘され、その時の腎生検でIgA腎症と診断された。近医で
hema,hema_ch03_q87,117B-48,310,707,43%,Y,連問 2/2次の文を読み、86 と87 の問いに答えよ。39 歳の女性。動悸と息切れを主訴に来院した。現病歴：半年前から月経量が増え、3 か月前から階段昇降時に
hema,hema_ch03_q96,106E-64,280,585,47%,Y,連問 1/322 歳の女性。運動時の疲労感と「理由もなく氷が食べたくなる」ことを主訴に受診した。現病歴：受診3 か月前の1 月から、運動時の疲労感が強いことを自
hema,hema_ch03_q97,106E-65,305,588,51%,Y,連問 2/322 歳の女性。運動時の疲労感と「理由もなく氷が食べたくなる」ことを主訴に受診した。現病歴：受診3 か月前の1 月から、運動時の疲労感が強いことを自
hema,hema_ch03_q98,106E-66,287,608,47%,Y,連問 3/322 歳の女性。運動時の疲労感と「理由もなく氷が食べたくなる」ことを主訴に受診した。現病歴：受診3 か月前の1 月から、運動時の疲労感が強いことを自
hema,hema_ch06_q256,98C-4,324,823,39%,Y,連問 1/366 歳の男性。全身倦怠感と腹部膨満とを訴えて来院した。現病歴：1 年前の健康診断で貧血を指摘されたが放置していた。3 か月前から徐々に倦怠感が増強
hema,hema_ch06_q257,98C-5,335,820,40%,Y,連問 2/366 歳の男性。全身倦怠感と腹部膨満とを訴えて来院した。現病歴：1 年前の健康診断で貧血を指摘されたが放置していた。3 か月前から徐々に倦怠感が増強
hema,hema_ch06_q258,98C-6,337,819,41%,Y,連問 3/366 歳の男性。全身倦怠感と腹部膨満とを訴えて来院した。現病歴：1 年前の健康診断で貧血を指摘されたが放置していた。3 か月前から徐々に倦怠感が増強
hema,hema_ch07_q293,115B-49,298,801,37%,Y,連問 1/2次の文を読み、293 と294 の問いに答えよ。52 歳の男性。腹部膨満感を主訴に来院した。現病歴：3 週前から腹部膨満感を自覚するようになった。食
hema,hema_ch07_q294,115B-50,60,834,7%,Y,リンパ節腫脹（圧痛なし・弾性硬・可動性あり）の患者。悪性リンパ腫疑い。今後の治療方針確定のために最も重要な検査はどれか。
imma,imma_ch02_q1,120B-45,353,921,38%,Y,連問 1/2次の文を読み、43 と44 の問いに答えよ。60 歳の男性。肺癌で2 週間後に右上葉切除術を予定されており、術前診察のために来院した。現病歴：会社の
imma,imma_ch02_q2,120B-46,316,913,34%,Y,連問 2/2次の文を読み、43 と44 の問いに答えよ。60 歳の男性。肺癌で2 週間後に右上葉切除術を予定されており、術前診察のために来院した。現病歴：会社の
imma,imma_ch02_q8,119E-41,322,464,69%,Y,連問 1/2次の文を読み、50 と51 の問いに答えよ。52 歳の女性。腹部造影CT 検査のために来院した。現病歴：2 週間前の健康診断で実施された腹部超音波検
imma,imma_ch02_q9,119E-42,333,557,59%,Y,連問 2/2次の文を読み、50 と51 の問いに答えよ。52 歳の女性。腹部造影CT 検査のために来院した。現病歴：2 週間前の健康診断で実施された腹部超音波検
imma,imma_ch03_q2,120C-64,329,951,34%,Y,連問 1/322 歳の女性。発熱を主訴に来院した。現病歴：2 週間前から39℃を超える発熱が連日出現し、1 週間前に自宅近くの診療所を受診した。解熱鎮痛薬と抗菌
imma,imma_ch03_q3,120C-65,323,953,33%,Y,連問 2/322 歳の女性。発熱を主訴に来院した。現病歴：2 週間前から39℃を超える発熱が連日出現し、1 週間前に自宅近くの診療所を受診した。解熱鎮痛薬と抗菌
imma,imma_ch03_q4,120C-66,322,951,33%,Y,連問 3/322 歳の女性。発熱を主訴に来院した。現病歴：2 週間前から39℃を超える発熱が連日出現し、1 週間前に自宅近くの診療所を受診した。解熱鎮痛薬と抗菌
imma,imma_ch03_q13,114B-49,307,638,48%,Y,連問 1/2次の文を読み、92 と93 の問いに答えよ。42 歳の女性。倦怠感と関節痛を主訴に来院した。現病歴：半年前に全身の倦怠感と両手首の痛みを自覚した。そ
imma,imma_ch03_q14,114B-50,315,649,48%,Y,連問 2/2次の文を読み、92 と93 の問いに答えよ。42 歳の女性。倦怠感と関節痛を主訴に来院した。現病歴：半年前に全身の倦怠感と両手首の痛みを自覚した。そ
imma,imma_ch04_q40,109H-31,314,715,43%,Y,連問 1/2次の文を読み、159 と160 の問いに答えよ。62 歳の男性。筋力低下を主訴に来院した。現病歴：3 か月前から階段の昇降に困難を感じていた。2 か
imma,imma_ch04_q41,109H-32,315,711,44%,Y,連問 2/2次の文を読み、159 と160 の問いに答えよ。62 歳の男性。筋力低下を主訴に来院した。現病歴：3 か月前から階段の昇降に困難を感じていた。2 か
imma,imma_ch05_q7,113B-43,85,786,10%,Y,"前問の続き。赤沈102mm/h、Hb9.6、白血球9,800、血小板47万。総蛋白・アルブミン正常。GCAと診断しステロイドを開始する際、投与前に確認すべき検査"
kansen,kansen_ch01_q35,118E-8,30,52,57%,,標準予防策適用の患者に対し、手袋なしで取り扱えるのはどれか。
kansen,kansen_ch01_q49,113B-11,35,57,61%,,救急外来での敗血症評価項目として、意識レベルとともに有用なのはどれか。
